2009-2010 OVERALL GRADE,DBN,PEER INDEX*,2009-2010 ENVIRONMENT CATEGORY SCORE,ELL_PERCENTAGE,SPECIAL_EDUCATION_PERCENTAGE,TITLE_I_FREE_LUNCH_PERCENTAGE,BLACK_HISPANIC_PERCENTAGE,MIDDLE_SCHOOL_PREVIOUS_PROFICIENCY_RATE,HIGH_SCHOOL_PREVIOUS_PROFICIENCY_RATE,ELEMENTARY_K8_PEER_INDEX,MIDDLE_HIGH_PEER_INDEX,STUDENT_ATTENDANCE_RATE,SCHOOL_SIZE,PERCENTAGE_OF_EXTRACURRICULAR_ACTIVITIES,AVG_TEACHER_STUDENT_RATIO,SCHOOL_INFRASTRUCTURE_SCORE,PARENTAL_INVESTMENT_INDEX
C,01M015,62.65,7.2,,,,,,,,,,,,,,
C,01M019,48.94,6.4,,,,,,,,,,,,,,
A,01M020,57.68,9.3,,,,,,,,,,,,,,
B,01M034,66.75,6.8,,,,,,,,,,,,,,
B,01M063,57.55,7.8,,,,,,,,,,,,,,
C,01M064,61.5,10.3,,,,,,,,,,,,,,
Other,01M110,42.47,5.2,,,,,,,,,,,,,,
B,01M134,53.05,4.9,,,,,,,,,,,,,,
C,01M137,58.66,6.8,,,,,,,,,,,,,,
B,01M140,61.9,8.5,,,,,,,,,,,,,,
B,01M142,61.02,8.7,,,,,,,,,,,,,,
A,01M184,27.58,12.0,,,,,,,,,,,,,,
C,01M188,64.94,6.5,,,,,,,,,,,,,,
Other,01M292,2.16,5.0,,,,,,,,,,,,,,
C,01M292,2.31,3.2,,,,,,,,,,,,,,
C,01M301,2.31,7.1,,,,,,,,,,,,,,
C,01M315,32.44,5.8,,,,,,,,,,,,,,
B,01M332,2.12,6.8,,,,,,,,,,,,,,
B,01M345,2.72,6.4,,,,,,,,,,,,,,
C,01M361,35.38,8.2,,,,,,,,,,,,,,
C,01M363,33.79,6.8,,,,,,,,,,,,,,
Other,01M364,31.8,8.6,,,,,,,,,,,,,,
B,01M378,2.49,11.3,,,,,,,,,,,,,,
C,01M448,2.24,5.2,,,,,,,,,,,,,,
A,01M450,2.42,13.5,,,,,,,,,,,,,,
A,01M450,2.21,11.1,,,,,,,,,,,,,,
B,01M509,2.01,8.4,,,,,,,,,,,,,,
A,01M515,2.75,9.8,,,,,,,,,,,,,,
B,01M539,3.55,8.1,,,,,,,,,,,,,,
A,01M539,12.97,6.8,,,,,,,,,,,,,,
A,01M650,2.59,11.1,,,,,,,,,,,,,,
B,01M696,3.81,11.4,,,,,,,,,,,,,,
A,01M839,2.8,12.3,,,,,,,,,,,,,,
B,02M001,39.34,4.4,,,,,,,,,,,,,,
A,02M002,40.23,8.6,,,,,,,,,,,,,,
B,02M003,17.09,8.5,,,,,,,,,,,,,,
B,02M006,12.51,5.8,,,,,,,,,,,,,,
A,02M011,40.45,12.4,,,,,,,,,,,,,,
A,02M033,50.44,13.6,,,,,,,,,,,,,,
A,02M040,15.55,9.2,,,,,,,,,,,,,,
B,02M041,11.69,9.8,,,,,,,,,,,,,,
A,02M042,36.63,11.7,,,,,,,,,,,,,,
A,02M047,1.67,11.1,,,,,,,,,,,,,,
,02M047,,,,,,,,,,,,,,,,
B,02M051,49.51,11.2,,,,,,,,,,,,,,
B,02M059,19.37,9.2,,,,,,,,,,,,,,
A,02M077,9.83,7.6,,,,,,,,,,,,,,
B,02M089,11.57,8.2,,,,,,,,,,,,,,
B,02M104,3.13,6.8,,,,,,,,,,,,,,
B,02M111,52.01,5.5,,,,,,,,,,,,,,
A,02M114,3.62,13.2,,,,,,,,,,,,,,
B,02M116,20.28,8.2,,,,,,,,,,,,,,
A,02M124,26.08,7.7,,,,,,,,,,,,,,
A,02M126,40.66,7.7,,,,,,,,,,,,,,
A,02M130,27.53,13.1,,,,,,,,,,,,,,
B,02M131,2.89,9.2,,,,,,,,,,,,,,
B,02M150,14.53,9.4,,,,,,,,,,,,,,
A,02M158,18.68,3.9,,,,,,,,,,,,,,
B,02M167,3.11,7.4,,,,,,,,,,,,,,
B,02M183,14.61,8.6,,,,,,,,,,,,,,
B,02M198,50.02,4.3,,,,,,,,,,,,,,
A,02M212,23.15,10.4,,,,,,,,,,,,,,
B,02M217,35.99,7.8,,,,,,,,,,,,,,
B,02M225,41.34,6.3,,,,,,,,,,,,,,
B,02M234,9.11,9.1,,,,,,,,,,,,,,
B,02M255,3.58,10.0,,,,,,,,,,,,,,
A,02M260,2.96,11.4,,,,,,,,,,,,,,
A,02M288,2.44,9.7,,,,,,,,,,,,,,
B,02M289,3.37,9.6,,,,,,,,,,,,,,
A,02M290,13.17,12.1,,,,,,,,,,,,,,
A,02M294,2.28,11.8,,,,,,,,,,,,,,
A,02M296,2.28,10.2,,,,,,,,,,,,,,
A,02M298,2.82,10.2,,,,,,,,,,,,,,
B,02M300,2.5,10.8,,,,,,,,,,,,,,
B,02M303,2.16,10.6,,,,,,,,,,,,,,
B,02M305,2.52,8.3,,,,,,,,,,,,,,
A,02M308,2.22,10.7,,,,,,,,,,,,,,
A,02M312,3.64,10.7,,,,,,,,,,,,,,
Other,02M313,2.36,10.4,,,,,,,,,,,,,,
B,02M316,2.34,10.1,,,,,,,,,,,,,,
B,02M347,64.27,10.3,,,,,,,,,,,,,,
B,02M374,2.58,6.4,,,,,,,,,,,,,,
,02M376,3.33,,,,,,,,,,,,,,,
,02M392,2.74,,,,,,,,,,,,,,,
,02M393,2.45,,,,,,,,,,,,,,,
,02M394,2.5,,,,,,,,,,,,,,,
,02M399,2.65,,,,,,,,,,,,,,,
B,02M400,2.78,8.1,,,,,,,,,,,,,,
B,02M407,2.68,12.6,,,,,,,,,,,,,,
C,02M407,3.52,11.0,,,,,,,,,,,,,,
A,02M408,3.25,9.3,,,,,,,,,,,,,,
A,02M408,3.64,7.1,,,,,,,,,,,,,,
A,02M411,3.45,10.0,,,,,,,,,,,,,,
A,02M412,3.22,9.3,,,,,,,,,,,,,,
A,02M413,2.85,10.4,,,,,,,,,,,,,,
B,02M413,3.2,7.8,,,,,,,,,,,,,,
A,02M414,2.97,6.1,,,,,,,,,,,,,,
A,02M416,3.6,11.5,,,,,,,,,,,,,,
A,02M418,3.34,11.9,,,,,,,,,,,,,,
C,02M419,2.24,8.1,,,,,,,,,,,,,,
C,02M420,2.93,8.3,,,,,,,,,,,,,,
,02M422,2.98,,,,,,,,,,,,,,,
B,02M425,2.38,8.2,,,,,,,,,,,,,,
C,02M429,1.94,8.0,,,,,,,,,,,,,,
A,02M439,3.0,12.9,,,,,,,,,,,,,,
,02M440,,,,,,,,,,,,,,,,
C,02M442,31.38,11.5,,,,,,,,,,,,,,
C,02M449,2.29,11.6,,,,,,,,,,,,,,
A,02M459,2.52,13.5,,,,,,,,,,,,,,
C,02M460,2.18,8.4,,,,,,,,,,,,,,
B,02M473,,10.4,,,,,,,,,,,,,,
A,02M475,4.03,8.9,,,,,,,,,,,,,,
C,02M489,2.79,6.4,,,,,,,,,,,,,,
A,02M500,1.95,12.8,,,,,,,,,,,,,,
A,02M519,3.18,6.4,,,,,,,,,,,,,,
Other,02M520,2.47,5.7,,,,,,,,,,,,,,
B,02M529,2.48,6.2,,,,,,,,,,,,,,
A,02M531,2.82,9.6,,,,,,,,,,,,,,
A,02M542,2.32,12.3,,,,,,,,,,,,,,
A,02M543,2.38,8.4,,,,,,,,,,,,,,
C,02M544,2.31,15.0,,,,,,,,,,,,,,
A,02M545,3.14,9.4,,,,,,,,,,,,,,
A,02M550,2.29,7.6,,,,,,,,,,,,,,
A,02M551,2.2,9.9,,,,,,,,,,,,,,
B,02M560,2.56,8.3,,,,,,,,,,,,,,
A,02M565,2.99,15.0,,,,,,,,,,,,,,
Other,02M570,2.36,5.4,,,,,,,,,,,,,,
A,02M575,2.44,12.5,,,,,,,,,,,,,,
C,02M580,2.43,10.4,,,,,,,,,,,,,,
A,02M586,2.0,5.9,,,,,,,,,,,,,,
A,02M600,2.74,7.5,,,,,,,,,,,,,,
B,02M605,2.73,6.2,,,,,,,,,,,,,,
C,02M615,2.4,6.1,,,,,,,,,,,,,,
Other,02M620,2.2,4.3,,,,,,,,,,,,,,
Other,02M625,2.24,6.6,,,,,,,,,,,,,,
B,02M630,2.83,5.4,,,,,,,,,,,,,,
A,02M655,2.26,6.7,,,,,,,,,,,,,,
C,02M655,2.59,4.3,,,,,,,,,,,,,,
,02M690,,,,,,,,,,,,,,,,
C,02M896,2.41,8.6,,,,,,,,,,,,,,
B,03M009,20.05,10.7,,,,,,,,,,,,,,
,03M044,,,,,,,,,,,,,,,,
B,03M054,3.45,7.9,,,,,,,,,,,,,,
C,03M075,47.63,4.8,,,,,,,,,,,,,,
C,03M076,58.84,3.9,,,,,,,,,,,,,,
C,03M084,43.87,3.5,,,,,,,,,,,,,,
B,03M087,18.92,4.3,,,,,,,,,,,,,,
B,03M145,59.05,3.1,,,,,,,,,,,,,,
B,03M149,59.72,7.1,,,,,,,,,,,,,,
C,03M163,41.28,8.0,,,,,,,,,,,,,,
B,03M165,57.47,7.7,,,,,,,,,,,,,,
Other,03M166,25.24,6.5,,,,,,,,,,,,,,
C,03M180,55.03,11.9,,,,,,,,,,,,,,
C,03M185,59.62,9.2,,,,,,,,,,,,,,
C,03M191,53.96,5.4,,,,,,,,,,,,,,
A,03M199,12.19,7.5,,,,,,,,,,,,,,
C,03M208,61.71,9.4,,,,,,,,,,,,,,
C,03M241,62.42,7.0,,,,,,,,,,,,,,
C,03M242,57.47,5.5,,,,,,,,,,,,,,
B,03M243,3.64,13.8,,,,,,,,,,,,,,
B,03M245,3.24,12.1,,,,,,,,,,,,,,
,03M246,,,,,,,,,,,,,,,,
A,03M247,2.4,13.7,,,,,,,,,,,,,,
A,03M250,2.38,15.0,,,,,,,,,,,,,,
C,03M256,2.03,7.1,,,,,,,,,,,,,,
A,03M258,2.43,10.9,,,,,,,,,,,,,,
C,03M283,2.21,6.8,,,,,,,,,,,,,,
B,03M299,2.15,8.0,,,,,,,,,,,,,,
A,03M307,2.19,9.4,,,,,,,,,,,,,,
C,03M333,24.69,7.5,,,,,,,,,,,,,,
A,03M334,6.5,13.4,,,,,,,,,,,,,,
,03M402,2.21,,,,,,,,,,,,,,,
,03M403,2.24,,,,,,,,,,,,,,,
,03M404,2.38,,,,,,,,,,,,,,,
B,03M415,2.08,5.0,,,,,,,,,,,,,,
C,03M415,2.41,2.4,,,,,,,,,,,,,,
,03M421,2.29,,,,,,,,,,,,,,,
,03M470,,,,,,,,,,,,,,,,
A,03M479,3.51,9.3,,,,,,,,,,,,,,
A,03M485,3.64,7.4,,,,,,,,,,,,,,
A,03M492,2.33,8.5,,,,,,,,,,,,,,
B,03M494,2.34,6.8,,,,,,,,,,,,,,
B,03M505,1.94,8.2,,,,,,,,,,,,,,
B,03M541,3.26,11.2,,,,,,,,,,,,,,
C,03M577,,2.0,,,,,,,,,,,,,,
A,03M859,8.0,6.5,,,,,,,,,,,,,,
C,03M860,2.28,7.9,,,,,,,,,,,,,,
C,03M860,2.35,3.2,,,,,,,,,,,,,,
A,03M862,3.07,9.9,,,,,,,,,,,,,,
A,04M007,58.46,7.7,,,,,,,,,,,,,,
A,04M012,39.33,9.8,,,,,,,,,,,,,,
C,04M013,2.13,4.1,,,,,,,,,,,,,,
B,04M037,61.02,10.1,,,,,,,,,,,,,,
C,04M038,63.08,4.6,,,,,,,,,,,,,,
C,04M045,2.19,6.6,,,,,,,,,,,,,,
C,04M050,63.78,5.1,,,,,,,,,,,,,,
A,04M057,62.56,14.3,,,,,,,,,,,,,,
A,04M072,65.94,12.1,,,,,,,,,,,,,,
A,04M083,59.17,11.4,,,,,,,,,,,,,,
C,04M096,63.09,3.2,,,,,,,,,,,,,,
,04M101,,,,,,,,,,,,,,,,
A,04M102,74.03,9.1,,,,,,,,,,,,,,
B,04M108,61.42,11.8,,,,,,,,,,,,,,
B,04M112,64.23,10.0,,,,,,,,,,,,,,
,04M117,,,,,,,,,,,,,,,,
C,04M146,73.23,5.9,,,,,,,,,,,,,,
B,04M155,69.02,8.8,,,,,,,,,,,,,,
A,04M171,57.4,8.9,,,,,,,,,,,,,,
A,04M182,63.96,9.4,,,,,,,,,,,,,,
C,04M206,64.11,8.0,,,,,,,,,,,,,,
C,04M224,3.43,7.7,,,,,,,,,,,,,,
A,04M372,1.99,12.4,,,,,,,,,,,,,,
B,04M375,67.68,7.3,,,,,,,,,,,,,,
A,04M377,2.11,7.3,,,,,,,,,,,,,,
C,04M381,2.08,7.7,,,,,,,,,,,,,,
,04M406,2.23,,,,,,,,,,,,,,,
C,04M409,2.2,9.7,,,,,,,,,,,,,,
B,04M435,3.1,6.4,,,,,,,,,,,,,,
A,04M495,2.09,10.5,,,,,,,,,,,,,,
C,04M497,37.83,11.7,,,,,,,,,,,,,,
A,04M555,2.53,12.9,,,,,,,,,,,,,,
A,04M610,3.05,12.5,,,,,,,,,,,,,,
C,04M610,3.37,12.2,,,,,,,,,,,,,,
Other,04M635,2.06,6.0,,,,,,,,,,,,,,
,04M635,,,,,,,,,,,,,,,,
C,04M680,2.13,4.3,,,,,,,,,,,,,,
,04M695,,,,,,,,,,,,,,,,
C,04M825,2.84,8.3,,,,,,,,,,,,,,
B,04M964,49.09,10.7,,,,,,,,,,,,,,
A,05M030,66.85,8.7,,,,,,,,,,,,,,
B,05M036,57.64,7.2,,,,,,,,,,,,,,
C,05M046,62.45,6.6,,,,,,,,,,,,,,
B,05M092,62.65,11.4,,,,,,,,,,,,,,
C,05M123,60.69,8.4,,,,,,,,,,,,,,
B,05M125,60.88,5.7,,,,,,,,,,,,,,
B,05M129,59.58,8.1,,,,,,,,,,,,,,
C,05M133,62.49,2.9,,,,,,,,,,,,,,
C,05M154,65.0,7.3,,,,,,,,,,,,,,
B,05M161,66.35,10.6,,,,,,,,,,,,,,
B,05M175,59.22,6.8,,,,,,,,,,,,,,
C,05M194,65.87,3.9,,,,,,,,,,,,,,
Other,05M195,2.35,3.8,,,,,,,,,,,,,,
B,05M197,58.68,9.5,,,,,,,,,,,,,,
B,05M200,59.82,3.0,,,,,,,,,,,,,,
C,05M285,2.15,8.1,,,,,,,,,,,,,,
C,05M286,2.53,10.0,,,,,,,,,,,,,,
B,05M302,2.76,9.3,,,,,,,,,,,,,,
B,05M304,2.53,9.2,,,,,,,,,,,,,,
Other,05M317,2.14,2.8,,,,,,,,,,,,,,
C,05M318,47.59,9.0,,,,,,,,,,,,,,
Other,05M344,2.25,2.8,,,,,,,,,,,,,,
C,05M362,3.84,6.2,,,,,,,,,,,,,,
,05M367,2.36,,,,,,,,,,,,,,,
B,05M367,2.46,8.0,,,,,,,,,,,,,,
A,05M369,2.46,4.7,,,,,,,,,,,,,,
,05M410,2.34,,,,,,,,,,,,,,,
B,05M469,2.43,7.5,,,,,,,,,,,,,,
C,05M469,2.4,5.4,,,,,,,,,,,,,,
Other,05M499,3.14,3.7,,,,,,,,,,,,,,
C,05M499,3.02,2.3,,,,,,,,,,,,,,
B,05M670,2.66,9.0,,,,,,,,,,,,,,
Other,05M670,2.9,9.3,,,,,,,,,,,,,,
Other,05M685,2.03,6.1,,,,,,,,,,,,,,
A,05M692,3.76,9.0,,,,,,,,,,,,,,
B,06M004,65.56,8.5,,,,,,,,,,,,,,
B,06M005,66.31,8.6,,,,,,,,,,,,,,
A,06M008,68.56,11.5,,,,,,,,,,,,,,
B,06M018,63.4,12.7,,,,,,,,,,,,,,
A,06M028,64.93,10.0,,,,,,,,,,,,,,
B,06M048,67.12,9.1,,,,,,,,,,,,,,
A,06M052,2.59,10.7,,,,,,,,,,,,,,
B,06M098,68.39,4.8,,,,,,,,,,,,,,
C,06M115,67.01,7.7,,,,,,,,,,,,,,
B,06M128,66.0,8.7,,,,,,,,,,,,,,
B,06M132,68.59,7.2,,,,,,,,,,,,,,
B,06M143,2.34,8.7,,,,,,,,,,,,,,
B,06M152,64.22,4.0,,,,,,,,,,,,,,
A,06M153,63.46,10.4,,,,,,,,,,,,,,
B,06M173,58.51,3.8,,,,,,,,,,,,,,
B,06M178,51.95,12.3,,,,,,,,,,,,,,
A,06M187,42.09,9.0,,,,,,,,,,,,,,
A,06M189,66.66,10.1,,,,,,,,,,,,,,
C,06M192,65.84,8.2,,,,,,,,,,,,,,
B,06M210,66.04,12.6,,,,,,,,,,,,,,
B,06M218,2.38,5.5,,,,,,,,,,,,,,
A,06M223,3.68,8.2,,,,,,,,,,,,,,
B,06M278,55.54,10.8,,,,,,,,,,,,,,
,06M293,2.91,,,,,,,,,,,,,,,
A,06M293,2.68,11.5,,,,,,,,,,,,,,
A,06M311,51.76,12.0,,,,,,,,,,,,,,
B,06M314,43.41,1.4,,,,,,,,,,,,,,
A,06M319,2.49,13.1,,,,,,,,,,,,,,
,06M321,,,,,,,,,,,,,,,,
B,06M322,2.58,8.1,,,,,,,,,,,,,,
A,06M324,2.46,13.7,,,,,,,,,,,,,,
C,06M325,66.89,8.6,,,,,,,,,,,,,,
A,06M326,2.24,10.5,,,,,,,,,,,,,,
B,06M328,2.25,8.9,,,,,,,,,,,,,,
,06M346,2.29,,,,,,,,,,,,,,,
C,06M346,2.36,6.0,,,,,,,,,,,,,,
,06M348,2.46,,,,,,,,,,,,,,,
B,06M348,2.47,11.3,,,,,,,,,,,,,,
A,06M349,2.09,13.3,,,,,,,,,,,,,,
B,06M366,45.09,7.6,,,,,,,,,,,,,,
C,06M368,50.14,8.1,,,,,,,,,,,,,,
,06M423,1.82,,,,,,,,,,,,,,,
A,06M457,,13.4,,,,,,,,,,,,,,
A,06M462,2.17,11.7,,,,,,,,,,,,,,
B,06M463,2.26,8.5,,,,,,,,,,,,,,
A,06M467,2.22,11.1,,,,,,,,,,,,,,
B,06M468,2.28,8.8,,,,,,,,,,,,,,
C,06M528,2.75,8.6,,,,,,,,,,,,,,
C,06M540,2.89,6.5,,,,,,,,,,,,,,
A,06M552,2.29,14.6,,,,,,,,,,,,,,
C,07X001,56.82,6.4,,,,,,,,,,,,,,
C,07X005,67.46,9.4,,,,,,,,,,,,,,
C,07X018,63.58,1.9,,,,,,,,,,,,,,
A,07X025,69.42,8.9,,,,,,,,,,,,,,
C,07X029,61.97,4.6,,,,,,,,,,,,,,
A,07X030,67.16,9.3,,,,,,,,,,,,,,
C,07X031,64.59,6.1,,,,,,,,,,,,,,
A,07X043,64.3,8.8,,,,,,,,,,,,,,
C,07X049,67.56,6.4,,,,,,,,,,,,,,
C,07X065,67.83,2.7,,,,,,,,,,,,,,
A,07X151,2.17,8.2,,,,,,,,,,,,,,
C,07X154,68.0,5.2,,,,,,,,,,,,,,
B,07X157,61.88,5.4,,,,,,,,,,,,,,
C,07X161,68.55,6.4,,,,,,,,,,,,,,
B,07X162,2.38,3.6,,,,,,,,,,,,,,
C,07X179,66.03,8.8,,,,,,,,,,,,,,
C,07X203,2.09,7.2,,,,,,,,,,,,,,
A,07X221,2.44,9.2,,,,,,,,,,,,,,
C,07X221,2.46,6.1,,,,,,,,,,,,,,
A,07X223,2.81,9.8,,,,,,,,,,,,,,
B,07X224,2.26,8.4,,,,,,,,,,,,,,
C,07X277,64.94,8.3,,,,,,,,,,,,,,
A,07X296,1.91,9.5,,,,,,,,,,,,,,
A,07X298,2.03,8.2,,,,,,,,,,,,,,
Other,07X321,2.2,7.5,,,,,,,,,,,,,,
B,07X334,1.66,11.5,,,,,,,,,,,,,,
A,07X343,2.37,11.2,,,,,,,,,,,,,,
Other,07X369,65.47,2.8,,,,,,,,,,,,,,
B,07X379,2.23,8.0,,,,,,,,,,,,,,
B,07X381,2.16,13.1,,,,,,,,,,,,,,
C,07X385,65.96,0.0,,,,,,,,,,,,,,
A,07X427,2.12,10.5,,,,,,,,,,,,,,
B,07X473,2.11,10.5,,,,,,,,,,,,,,
A,07X495,2.74,9.7,,,,,,,,,,,,,,
B,07X500,2.86,8.5,,,,,,,,,,,,,,
A,07X500,2.6,8.5,,,,,,,,,,,,,,
C,07X520,2.08,10.2,,,,,,,,,,,,,,
B,07X527,2.14,9.7,,,,,,,,,,,,,,
Other,07X547,2.05,10.7,,,,,,,,,,,,,,
A,07X548,2.56,11.8,,,,,,,,,,,,,,
A,07X551,2.34,12.9,,,,,,,,,,,,,,
B,07X551,2.33,10.5,,,,,,,,,,,,,,
C,07X600,1.95,9.2,,,,,,,,,,,,,,
C,07X655,1.7,4.7,,,,,,,,,,,,,,
B,07X670,2.4,8.2,,,,,,,,,,,,,,
C,08X014,40.81,3.2,,,,,,,,,,,,,,
B,08X036,54.16,10.2,,,,,,,,,,,,,,
B,08X048,64.74,6.2,,,,,,,,,,,,,,
B,08X062,63.59,7.1,,,,,,,,,,,,,,
A,08X069,60.57,8.6,,,,,,,,,,,,,,
C,08X071,39.68,3.0,,,,,,,,,,,,,,
C,08X072,54.75,5.8,,,,,,,,,,,,,,
B,08X075,64.36,6.4,,,,,,,,,,,,,,
B,08X093,61.95,7.2,,,,,,,,,,,,,,
C,08X100,59.77,6.9,,,,,,,,,,,,,,
C,08X101,3.58,7.3,,,,,,,,,,,,,,
Other,08X107,62.16,4.4,,,,,,,,,,,,,,
C,08X119,48.51,3.8,,,,,,,,,,,,,,
A,08X123,2.42,6.8,,,,,,,,,,,,,,
B,08X125,2.61,5.6,,,,,,,,,,,,,,
C,08X130,65.21,8.3,,,,,,,,,,,,,,
C,08X131,2.65,5.0,,,,,,,,,,,,,,
C,08X138,58.56,7.9,,,,,,,,,,,,,,
C,08X140,64.32,5.4,,,,,,,,,,,,,,
C,08X146,64.01,4.1,,,,,,,,,,,,,,
A,08X152,62.76,7.5,,,,,,,,,,,,,,
B,08X182,54.72,8.5,,,,,,,,,,,,,,
,08X269,2.59,,,,,,,,,,,,,,,
C,08X269,2.39,5.8,,,,,,,,,,,,,,
C,08X282,2.66,5.0,,,,,,,,,,,,,,
A,08X293,2.23,10.7,,,,,,,,,,,,,,
B,08X295,1.85,9.9,,,,,,,,,,,,,,
C,08X301,2.25,7.5,,,,,,,,,,,,,,
A,08X302,2.23,9.8,,,,,,,,,,,,,,
B,08X304,38.77,9.7,,,,,,,,,,,,,,
B,08X305,1.94,8.7,,,,,,,,,,,,,,
A,08X312,2.12,13.0,,,,,,,,,,,,,,
C,08X332,2.13,9.3,,,,,,,,,,,,,,
C,08X333,62.37,6.3,,,,,,,,,,,,,,
B,08X335,67.6,10.3,,,,,,,,,,,,,,
A,08X337,2.33,8.7,,,,,,,,,,,,,,
C,08X366,2.45,4.3,,,,,,,,,,,,,,
C,08X367,2.52,6.9,,,,,,,,,,,,,,
B,08X371,2.67,8.1,,,,,,,,,,,,,,
C,08X375,2.59,2.2,,,,,,,,,,,,,,
C,08X376,2.66,5.2,,,,,,,,,,,,,,
C,08X377,2.13,8.0,,,,,,,,,,,,,,
Other,08X405,2.22,5.2,,,,,,,,,,,,,,
A,08X408,,15.0,,,,,,,,,,,,,,
B,08X424,2.25,6.6,,,,,,,,,,,,,,
,08X448,2.64,,,,,,,,,,,,,,,
C,08X452,2.06,11.2,,,,,,,,,,,,,,
,08X467,2.48,,,,,,,,,,,,,,,
Other,08X507,,8.1,,,,,,,,,,,,,,
C,08X519,2.04,7.5,,,,,,,,,,,,,,
Other,08X530,2.06,10.5,,,,,,,,,,,,,,
Other,08X540,1.68,7.5,,,,,,,,,,,,,,
Other,08X560,2.23,3.7,,,,,,,,,,,,,,
C,08X650,1.91,7.8,,,,,,,,,,,,,,
,09X002,,,,,,,,,,,,,,,,
B,09X004,65.29,8.5,,,,,,,,,,,,,,
B,09X011,63.53,1.1,,,,,,,,,,,,,,
C,09X022,2.58,6.9,,,,,,,,,,,,,,
B,09X028,65.27,6.1,,,,,,,,,,,,,,
C,09X035,57.96,6.8,,,,,,,,,,,,,,
A,09X042,65.59,8.2,,,,,,,,,,,,,,
C,09X053,62.75,6.5,,,,,,,,,,,,,,
C,09X055,65.67,5.7,,,,,,,,,,,,,,
C,09X058,66.34,2.9,,,,,,,,,,,,,,
B,09X063,66.22,8.2,,,,,,,,,,,,,,
C,09X064,69.62,7.1,,,,,,,,,,,,,,
C,09X070,63.35,4.4,,,,,,,,,,,,,,
B,09X073,64.56,7.9,,,,,,,,,,,,,,
B,09X088,64.0,10.6,,,,,,,,,,,,,,
,09X090,,,,,,,,,,,,,,,,
A,09X109,66.75,9.6,,,,,,,,,,,,,,
B,09X110,69.02,10.2,,,,,,,,,,,,,,
B,09X114,64.61,6.4,,,,,,,,,,,,,,
B,09X117,2.38,5.4,,,,,,,,,,,,,,
B,09X126,66.19,5.3,,,,,,,,,,,,,,
A,09X128,3.06,7.4,,,,,,,,,,,,,,
B,09X132,67.4,7.0,,,,,,,,,,,,,,
B,09X145,2.33,12.4,,,,,,,,,,,,,,
C,09X163,67.75,4.0,,,,,,,,,,,,,,
,09X166,,,,,,,,,,,,,,,,
B,09X170,60.65,13.6,,,,,,,,,,,,,,
A,09X199,67.18,7.3,,,,,,,,,,,,,,
A,09X204,63.21,12.8,,,,,,,,,,,,,,
B,09X215,3.07,8.1,,,,,,,,,,,,,,
A,09X218,61.01,10.0,,,,,,,,,,,,,,
B,09X219,2.27,5.5,,,,,,,,,,,,,,
C,09X227,1.93,6.8,,,,,,,,,,,,,,
B,09X229,2.29,5.8,,,,,,,,,,,,,,
C,09X230,66.77,5.0,,,,,,,,,,,,,,
B,09X231,2.29,7.3,,,,,,,,,,,,,,
A,09X232,2.35,7.9,,,,,,,,,,,,,,
B,09X236,67.48,9.8,,,,,,,,,,,,,,
Other,09X239,1.67,7.3,,,,,,,,,,,,,,
,09X241,2.84,,,,,,,,,,,,,,,
B,09X241,2.7,8.6,,,,,,,,,,,,,,
B,09X250,2.44,5.9,,,,,,,,,,,,,,
,09X250,,,,,,,,,,,,,,,,
A,09X252,2.58,7.9,,,,,,,,,,,,,,
B,09X260,2.95,9.1,,,,,,,,,,,,,,
A,09X263,2.2,11.1,,,,,,,,,,,,,,
Other,09X276,2.07,8.0,,,,,,,,,,,,,,
A,09X297,1.83,8.7,,,,,,,,,,,,,,
C,09X303,2.84,8.4,,,,,,,,,,,,,,
B,09X313,2.48,6.3,,,,,,,,,,,,,,
A,09X323,2.51,3.6,,,,,,,,,,,,,,
,09X324,3.13,,,,,,,,,,,,,,,
B,09X324,2.6,8.5,,,,,,,,,,,,,,
B,09X325,2.46,5.2,,,,,,,,,,,,,,
A,09X327,2.75,10.0,,,,,,,,,,,,,,
C,09X328,2.24,5.9,,,,,,,,,,,,,,
Other,09X329,2.14,7.1,,,,,,,,,,,,,,
B,09X339,2.26,4.6,,,,,,,,,,,,,,
,09X365,2.5,,,,,,,,,,,,,,,
A,09X403,1.97,12.8,,,,,,,,,,,,,,
B,09X404,1.88,10.2,,,,,,,,,,,,,,
C,09X412,1.96,9.7,,,,,,,,,,,,,,
B,09X413,2.78,9.5,,,,,,,,,,,,,,
B,09X413,2.89,8.0,,,,,,,,,,,,,,
C,09X414,1.75,10.5,,,,,,,,,,,,,,
,09X454,2.31,,,,,,,,,,,,,,,
B,09X505,2.48,9.1,,,,,,,,,,,,,,
C,09X505,2.93,6.4,,,,,,,,,,,,,,
B,09X517,2.34,9.1,,,,,,,,,,,,,,
C,09X517,2.84,5.1,,,,,,,,,,,,,,
B,09X525,2.12,10.4,,,,,,,,,,,,,,
A,09X543,1.95,12.5,,,,,,,,,,,,,,
A,10X003,58.49,5.0,,,,,,,,,,,,,,
C,10X007,59.01,7.8,,,,,,,,,,,,,,
B,10X008,56.87,4.9,,,,,,,,,,,,,,
C,10X009,64.94,4.1,,,,,,,,,,,,,,
A,10X015,61.25,12.4,,,,,,,,,,,,,,
B,10X020,58.31,6.9,,,,,,,,,,,,,,
C,10X023,66.79,8.5,,,,,,,,,,,,,,
C,10X024,24.8,2.5,,,,,,,,,,,,,,
A,10X032,65.49,10.7,,,,,,,,,,,,,,
A,10X033,64.3,8.4,,,,,,,,,,,,,,
B,10X037,61.15,5.4,,,,,,,,,,,,,,
C,10X045,2.75,6.1,,,,,,,,,,,,,,
C,10X046,64.09,6.9,,,,,,,,,,,,,,
B,10X051,56.22,10.4,,,,,,,,,,,,,,
C,10X054,62.28,3.6,,,,,,,,,,,,,,
A,10X056,49.16,11.0,,,,,,,,,,,,,,
B,10X059,67.44,6.2,,,,,,,,,,,,,,
,10X079,,,,,,,,,,,,,,,,
B,10X080,2.29,4.5,,,,,,,,,,,,,,
C,10X081,32.96,7.9,,,,,,,,,,,,,,
C,10X085,65.26,5.6,,,,,,,,,,,,,,
A,10X086,63.21,11.7,,,,,,,,,,,,,,
B,10X091,62.58,4.5,,,,,,,,,,,,,,
C,10X094,57.26,4.1,,,,,,,,,,,,,,
B,10X095,54.34,4.0,,,,,,,,,,,,,,
C,10X118,3.02,3.6,,,,,,,,,,,,,,
A,10X141,2.55,8.9,,,,,,,,,,,,,,
Other,10X141,2.99,5.1,,,,,,,,,,,,,,
B,10X159,68.43,10.3,,,,,,,,,,,,,,
A,10X205,61.56,9.6,,,,,,,,,,,,,,
B,10X206,2.56,8.7,,,,,,,,,,,,,,
C,10X207,59.18,8.1,,,,,,,,,,,,,,
A,10X209,64.2,15.0,,,,,,,,,,,,,,
A,10X213,2.26,10.0,,,,,,,,,,,,,,
A,10X225,2.58,13.0,,,,,,,,,,,,,,
B,10X225,2.85,11.2,,,,,,,,,,,,,,
Other,10X226,67.51,7.4,,,,,,,,,,,,,,
A,10X228,2.6,12.5,,,,,,,,,,,,,,
A,10X237,2.39,8.4,,,,,,,,,,,,,,
C,10X243,2.06,10.1,,,,,,,,,,,,,,
C,10X243,2.64,10.3,,,,,,,,,,,,,,
B,10X244,2.39,6.3,,,,,,,,,,,,,,
C,10X246,65.76,6.4,,,,,,,,,,,,,,
A,10X254,2.3,6.1,,,,,,,,,,,,,,
B,10X268,1.85,11.3,,,,,,,,,,,,,,
B,10X279,64.83,7.9,,,,,,,,,,,,,,
A,10X280,55.32,8.8,,,,,,,,,,,,,,
B,10X284,2.43,8.4,,,,,,,,,,,,,,
B,10X291,67.09,10.4,,,,,,,,,,,,,,
C,10X306,61.16,8.1,,,,,,,,,,,,,,
A,10X307,61.01,12.5,,,,,,,,,,,,,,
B,10X308,2.49,4.5,,,,,,,,,,,,,,
A,10X310,63.65,7.5,,,,,,,,,,,,,,
A,10X315,61.64,10.2,,,,,,,,,,,,,,
B,10X319,2.18,15.0,,,,,,,,,,,,,,
B,10X331,2.2,11.5,,,,,,,,,,,,,,
B,10X340,61.26,10.3,,,,,,,,,,,,,,
B,10X342,2.34,12.5,,,,,,,,,,,,,,
B,10X342,2.22,11.7,,,,,,,,,,,,,,
,10X344,30.69,,,,,,,,,,,,,,,
B,10X360,59.74,6.5,,,,,,,,,,,,,,
B,10X368,2.69,10.3,,,,,,,,,,,,,,
B,10X368,2.68,9.4,,,,,,,,,,,,,,
,10X374,2.77,,,,,,,,,,,,,,,
C,10X382,60.09,5.7,,,,,,,,,,,,,,
Other,10X386,63.2,5.6,,,,,,,,,,,,,,
C,10X390,2.5,8.0,,,,,,,,,,,,,,
B,10X391,2.28,6.8,,,,,,,,,,,,,,
B,10X396,64.07,10.1,,,,,,,,,,,,,,
,10X397,1.52,,,,,,,,,,,,,,,
,10X399,,,,,,,,,,,,,,,,
A,10X433,2.04,10.2,,,,,,,,,,,,,,
A,10X434,2.03,8.0,,,,,,,,,,,,,,
A,10X437,2.09,11.4,,,,,,,,,,,,,,
C,10X438,2.13,6.5,,,,,,,,,,,,,,
Other,10X439,1.96,8.9,,,,,,,,,,,,,,
C,10X440,2.4,7.2,,,,,,,,,,,,,,
B,10X442,2.75,7.9,,,,,,,,,,,,,,
A,10X445,3.91,8.5,,,,,,,,,,,,,,
,10X447,2.36,,,,,,,,,,,,,,,
,10X459,2.33,,,,,,,,,,,,,,,
Other,10X475,1.86,7.3,,,,,,,,,,,,,,
A,10X477,2.69,10.8,,,,,,,,,,,,,,
B,10X503,,8.5,,,,,,,,,,,,,,
B,10X504,,8.5,,,,,,,,,,,,,,
C,10X546,2.38,11.7,,,,,,,,,,,,,,
A,10X549,1.94,11.4,,,,,,,,,,,,,,
Other,10X660,1.92,7.8,,,,,,,,,,,,,,
Other,10X667,,10.0,,,,,,,,,,,,,,
A,10X696,3.79,12.1,,,,,,,,,,,,,,
C,11X016,55.24,5.8,,,,,,,,,,,,,,
C,11X019,23.81,7.2,,,,,,,,,,,,,,
C,11X021,58.16,5.9,,,,,,,,,,,,,,
A,11X041,60.95,9.6,,,,,,,,,,,,,,
B,11X068,61.07,10.3,,,,,,,,,,,,,,
A,11X076,53.9,8.1,,,,,,,,,,,,,,
C,11X078,57.29,4.9,,,,,,,,,,,,,,
C,11X083,43.21,9.0,,,,,,,,,,,,,,
C,11X087,54.41,6.1,,,,,,,,,,,,,,
C,11X089,53.36,1.1,,,,,,,,,,,,,,
B,11X096,51.26,7.4,,,,,,,,,,,,,,
B,11X097,47.6,5.7,,,,,,,,,,,,,,
B,11X103,58.18,7.3,,,,,,,,,,,,,,
B,11X105,53.81,6.2,,,,,,,,,,,,,,
B,11X106,47.67,8.7,,,,,,,,,,,,,,
C,11X108,34.85,4.8,,,,,,,,,,,,,,
C,11X111,59.77,7.0,,,,,,,,,,,,,,
A,11X112,60.95,4.1,,,,,,,,,,,,,,
B,11X121,50.34,11.5,,,,,,,,,,,,,,
B,11X127,2.74,6.3,,,,,,,,,,,,,,
C,11X142,2.54,3.8,,,,,,,,,,,,,,
C,11X144,2.59,6.4,,,,,,,,,,,,,,
B,11X153,47.99,8.7,,,,,,,,,,,,,,
C,11X160,52.11,6.3,,,,,,,,,,,,,,
C,11X175,21.08,6.6,,,,,,,,,,,,,,
C,11X178,52.06,5.3,,,,,,,,,,,,,,
B,11X180,2.72,8.7,,,,,,,,,,,,,,
B,11X181,2.76,8.1,,,,,,,,,,,,,,
Other,11X189,58.85,3.3,,,,,,,,,,,,,,
B,11X194,51.42,8.1,,,,,,,,,,,,,,
A,11X249,2.58,11.8,,,,,,,,,,,,,,
C,11X253,2.26,8.1,,,,,,,,,,,,,,
B,11X265,2.49,8.3,,,,,,,,,,,,,,
C,11X270,2.33,7.2,,,,,,,,,,,,,,
C,11X270,2.73,4.9,,,,,,,,,,,,,,
Other,11X272,2.66,3.9,,,,,,,,,,,,,,
A,11X275,2.35,8.3,,,,,,,,,,,,,,
B,11X287,2.45,7.4,,,,,,,,,,,,,,
A,11X288,2.81,10.6,,,,,,,,,,,,,,
C,11X289,2.62,2.9,,,,,,,,,,,,,,
A,11X290,2.11,10.8,,,,,,,,,,,,,,
B,11X299,2.17,10.8,,,,,,,,,,,,,,
C,11X322,2.8,3.3,,,,,,,,,,,,,,
C,11X326,2.64,3.5,,,,,,,,,,,,,,
C,11X370,2.55,0.0,,,,,,,,,,,,,,
Other,11X415,1.62,9.1,,,,,,,,,,,,,,
B,11X417,,13.3,,,,,,,,,,,,,,
B,11X418,2.31,10.3,,,,,,,,,,,,,,
B,11X455,1.71,9.5,,,,,,,,,,,,,,
A,11X456,,8.6,,,,,,,,,,,,,,
,11X462,2.68,,,,,,,,,,,,,,,
,11X468,2.68,,,,,,,,,,,,,,,
A,11X513,2.19,10.7,,,,,,,,,,,,,,
B,11X514,1.93,11.8,,,,,,,,,,,,,,
C,11X541,2.0,9.6,,,,,,,,,,,,,,
A,11X542,2.63,9.4,,,,,,,,,,,,,,
A,11X544,1.99,14.4,,,,,,,,,,,,,,
A,11X545,2.03,8.4,,,,,,,,,,,,,,
C,12X006,64.66,1.8,,,,,,,,,,,,,,
B,12X044,66.75,7.3,,,,,,,,,,,,,,
C,12X047,58.29,10.6,,,,,,,,,,,,,,
Other,12X050,69.29,0.0,,,,,,,,,,,,,,
B,12X057,62.22,9.2,,,,,,,,,,,,,,
C,12X061,59.55,10.7,,,,,,,,,,,,,,
B,12X066,65.24,11.0,,,,,,,,,,,,,,
C,12X067,64.5,3.9,,,,,,,,,,,,,,
B,12X092,64.82,0.9,,,,,,,,,,,,,,
A,12X098,2.43,7.3,,,,,,,,,,,,,,
C,12X102,62.32,1.7,,,,,,,,,,,,,,
B,12X129,2.49,6.4,,,,,,,,,,,,,,
B,12X134,64.59,5.5,,,,,,,,,,,,,,
A,12X150,66.54,9.2,,,,,,,,,,,,,,
B,12X190,2.5,8.2,,,,,,,,,,,,,,
C,12X195,62.42,7.5,,,,,,,,,,,,,,
B,12X196,62.71,9.9,,,,,,,,,,,,,,
,12X198,,,,,,,,,,,,,,,,
A,12X211,69.99,6.8,,,,,,,,,,,,,,
C,12X212,65.18,8.4,,,,,,,,,,,,,,
B,12X214,60.02,10.7,,,,,,,,,,,,,,
,12X216,,,,,,,,,,,,,,,,
A,12X217,2.3,4.9,,,,,,,,,,,,,,
A,12X242,2.68,10.6,,,,,,,,,,,,,,
Other,12X245,1.97,6.3,,,,,,,,,,,,,,
C,12X245,2.31,3.2,,,,,,,,,,,,,,
A,12X248,1.97,14.5,,,,,,,,,,,,,,
A,12X251,2.06,8.9,,,,,,,,,,,,,,
Other,12X262,1.89,3.9,,,,,,,,,,,,,,
,12X267,2.38,,,,,,,,,,,,,,,
A,12X267,2.25,8.2,,,,,,,,,,,,,,
B,12X271,1.95,10.4,,,,,,,,,,,,,,
B,12X271,2.36,6.7,,,,,,,,,,,,,,
B,12X273,2.56,8.1,,,,,,,,,,,,,,
C,12X278,2.17,9.2,,,,,,,,,,,,,,
A,12X286,2.48,6.1,,,,,,,,,,,,,,
C,12X300,62.22,6.9,,,,,,,,,,,,,,
A,12X316,2.64,11.0,,,,,,,,,,,,,,
C,12X318,2.39,5.6,,,,,,,,,,,,,,
A,12X341,2.32,7.7,,,,,,,,,,,,,,
C,12X372,2.79,5.7,,,,,,,,,,,,,,
B,12X383,2.41,7.0,,,,,,,,,,,,,,
A,12X384,2.31,12.3,,,,,,,,,,,,,,
,12X388,1.78,,,,,,,,,,,,,,,
C,12X428,,11.7,,,,,,,,,,,,,,
,12X478,3.18,,,,,,,,,,,,,,,
,12X479,2.45,,,,,,,,,,,,,,,
B,12X480,2.13,10.7,,,,,,,,,,,,,,
A,12X550,2.09,13.2,,,,,,,,,,,,,,
,12X680,,,,,,,,,,,,,,,,
A,12X682,1.75,13.1,,,,,,,,,,,,,,
B,12X684,1.98,8.7,,,,,,,,,,,,,,
C,12X690,1.91,6.5,,,,,,,,,,,,,,
C,12X691,57.38,8.4,,,,,,,,,,,,,,
A,12X692,1.84,8.0,,,,,,,,,,,,,,
C,13K003,50.94,6.1,,,,,,,,,,,,,,
C,13K008,21.54,7.5,,,,,,,,,,,,,,
C,13K009,52.52,7.1,,,,,,,,,,,,,,
B,13K011,46.54,6.6,,,,,,,,,,,,,,
C,13K020,47.83,6.6,,,,,,,,,,,,,,
B,13K044,56.98,7.5,,,,,,,,,,,,,,
A,13K046,63.37,7.4,,,,,,,,,,,,,,
C,13K054,64.12,5.5,,,,,,,,,,,,,,
B,13K056,60.17,8.9,,,,,,,,,,,,,,
C,13K067,61.95,8.5,,,,,,,,,,,,,,
C,13K093,54.81,4.5,,,,,,,,,,,,,,
C,13K103,2.84,7.2,,,,,,,,,,,,,,
C,13K113,2.8,4.9,,,,,,,,,,,,,,
C,13K133,59.36,8.4,,,,,,,,,,,,,,
C,13K256,56.33,3.3,,,,,,,,,,,,,,
A,13K265,2.57,6.6,,,,,,,,,,,,,,
C,13K265,2.3,5.3,,,,,,,,,,,,,,
C,13K266,3.02,5.7,,,,,,,,,,,,,,
A,13K270,61.47,8.6,,,,,,,,,,,,,,
B,13K282,45.55,6.2,,,,,,,,,,,,,,
B,13K287,62.14,7.6,,,,,,,,,,,,,,
Other,13K301,2.63,4.8,,,,,,,,,,,,,,
C,13K305,55.12,5.0,,,,,,,,,,,,,,
C,13K307,64.04,6.8,,,,,,,,,,,,,,
B,13K313,2.38,6.1,,,,,,,,,,,,,,
,13K336,1.71,,,,,,,,,,,,,,,
Other,13K336,2.41,1.1,,,,,,,,,,,,,,
B,13K350,2.25,8.7,,,,,,,,,,,,,,
C,13K412,2.36,9.6,,,,,,,,,,,,,,
A,13K419,2.48,8.3,,,,,,,,,,,,,,
B,13K430,3.81,6.5,,,,,,,,,,,,,,
A,13K439,2.39,14.3,,,,,,,,,,,,,,
A,13K483,2.76,10.0,,,,,,,,,,,,,,
B,13K492,2.95,8.0,,,,,,,,,,,,,,
A,13K499,2.2,5.9,,,,,,,,,,,,,,
B,13K509,2.17,7.5,,,,,,,,,,,,,,
,13K527,2.67,,,,,,,,,,,,,,,
Other,13K527,3.16,8.9,,,,,,,,,,,,,,
A,13K553,2.13,11.5,,,,,,,,,,,,,,
Other,13K571,2.2,0.9,,,,,,,,,,,,,,
B,13K575,2.47,10.3,,,,,,,,,,,,,,
C,13K592,2.72,8.7,,,,,,,,,,,,,,
A,13K595,3.07,9.4,,,,,,,,,,,,,,
Other,13K596,2.61,3.0,,,,,,,,,,,,,,
Other,13K605,2.25,7.2,,,,,,,,,,,,,,
C,13K616,2.27,8.1,,,,,,,,,,,,,,
B,13K670,3.28,6.4,,,,,,,,,,,,,,
,13K674,2.59,,,,,,,,,,,,,,,
C,14K016,60.54,6.8,,,,,,,,,,,,,,
A,14K017,60.97,6.2,,,,,,,,,,,,,,
B,14K018,59.36,9.4,,,,,,,,,,,,,,
Other,14K019,60.27,10.2,,,,,,,,,,,,,,
A,14K023,64.18,13.8,,,,,,,,,,,,,,
A,14K031,40.14,11.7,,,,,,,,,,,,,,
B,14K034,30.81,13.1,,,,,,,,,,,,,,
B,14K050,2.32,4.9,,,,,,,,,,,,,,
C,14K059,61.93,5.8,,,,,,,,,,,,,,
C,14K071,1.89,9.7,,,,,,,,,,,,,,
B,14K071,2.26,6.5,,,,,,,,,,,,,,
C,14K084,61.4,9.5,,,,,,,,,,,,,,
C,14K110,35.1,9.8,,,,,,,,,,,,,,
C,14K120,64.19,12.7,,,,,,,,,,,,,,
B,14K126,2.3,5.9,,,,,,,,,,,,,,
B,14K132,44.67,10.3,,,,,,,,,,,,,,
A,14K147,64.17,10.9,,,,,,,,,,,,,,
B,14K157,65.03,11.9,,,,,,,,,,,,,,
A,14K196,61.46,11.3,,,,,,,,,,,,,,
B,14K250,50.61,9.2,,,,,,,,,,,,,,
A,14K257,64.51,12.7,,,,,,,,,,,,,,
C,14K297,62.82,7.7,,,,,,,,,,,,,,
C,14K318,3.27,10.6,,,,,,,,,,,,,,
B,14K322,2.06,6.8,,,,,,,,,,,,,,
C,14K330,2.38,6.9,,,,,,,,,,,,,,
A,14K380,59.38,15.0,,,,,,,,,,,,,,
A,14K404,2.51,9.2,,,,,,,,,,,,,,
B,14K449,3.63,10.7,,,,,,,,,,,,,,
C,14K454,2.3,7.3,,,,,,,,,,,,,,
B,14K474,2.43,6.6,,,,,,,,,,,,,,
Other,14K477,2.53,3.8,,,,,,,,,,,,,,
A,14K478,2.54,8.8,,,,,,,,,,,,,,
A,14K488,2.41,10.6,,,,,,,,,,,,,,
A,14K558,2.45,12.6,,,,,,,,,,,,,,
A,14K561,2.64,13.1,,,,,,,,,,,,,,
B,14K577,2.99,11.1,,,,,,,,,,,,,,
B,14K582,2.59,6.6,,,,,,,,,,,,,,
,14K586,2.3,,,,,,,,,,,,,,,
C,14K586,2.51,6.4,,,,,,,,,,,,,,
C,14K610,2.02,5.9,,,,,,,,,,,,,,
C,14K614,2.54,10.0,,,,,,,,,,,,,,
,14K632,1.91,,,,,,,,,,,,,,,
A,14K685,2.09,13.0,,,,,,,,,,,,,,
B,14K923,,9.2,,,,,,,,,,,,,,
C,15K001,60.68,9.0,,,,,,,,,,,,,,
A,15K010,45.88,10.7,,,,,,,,,,,,,,
A,15K015,66.33,10.7,,,,,,,,,,,,,,
C,15K024,65.46,8.9,,,,,,,,,,,,,,
,15K027,,,,,,,,,,,,,,,,
A,15K029,20.71,8.0,,,,,,,,,,,,,,
A,15K032,60.99,9.2,,,,,,,,,,,,,,
C,15K038,51.1,4.1,,,,,,,,,,,,,,
B,15K039,28.18,7.9,,,,,,,,,,,,,,
A,15K051,3.48,9.1,,,,,,,,,,,,,,
A,15K058,20.61,8.6,,,,,,,,,,,,,,
B,15K088,2.54,8.6,,,,,,,,,,,,,,
B,15K094,49.23,5.4,,,,,,,,,,,,,,
A,15K107,16.88,8.0,,,,,,,,,,,,,,
A,15K124,57.49,7.9,,,,,,,,,,,,,,
B,15K130,49.45,7.4,,,,,,,,,,,,,,
A,15K131,53.74,10.5,,,,,,,,,,,,,,
C,15K136,2.35,8.6,,,,,,,,,,,,,,
B,15K146,29.81,8.8,,,,,,,,,,,,,,
C,15K154,23.57,7.7,,,,,,,,,,,,,,
B,15K169,51.07,9.1,,,,,,,,,,,,,,
A,15K172,62.7,15.0,,,,,,,,,,,,,,
C,15K230,37.38,10.1,,,,,,,,,,,,,,
B,15K261,33.07,6.0,,,,,,,,,,,,,,
A,15K295,48.42,9.9,,,,,,,,,,,,,,
A,15K321,15.07,10.6,,,,,,,,,,,,,,
A,15K418,16.12,8.3,,,,,,,,,,,,,,
Other,15K429,2.24,6.8,,,,,,,,,,,,,,
B,15K429,2.22,4.3,,,,,,,,,,,,,,
B,15K442,1.91,10.5,,,,,,,,,,,,,,
A,15K443,2.98,10.4,,,,,,,,,,,,,,
A,15K447,3.25,6.9,,,,,,,,,,,,,,
A,15K448,2.14,9.3,,,,,,,,,,,,,,
B,15K448,2.47,7.4,,,,,,,,,,,,,,
C,15K462,2.51,8.6,,,,,,,,,,,,,,
C,15K462,2.15,5.7,,,,,,,,,,,,,,
B,15K463,2.34,7.7,,,,,,,,,,,,,,
C,15K463,2.43,5.0,,,,,,,,,,,,,,
C,15K464,2.28,8.9,,,,,,,,,,,,,,
B,15K464,2.19,6.2,,,,,,,,,,,,,,
B,15K497,2.31,6.2,,,,,,,,,,,,,,
A,15K497,2.44,4.0,,,,,,,,,,,,,,
B,15K519,1.93,8.5,,,,,,,,,,,,,,
C,15K520,2.11,10.6,,,,,,,,,,,,,,
A,15K529,2.43,13.3,,,,,,,,,,,,,,
C,15K530,2.03,7.5,,,,,,,,,,,,,,
C,15K656,2.87,8.4,,,,,,,,,,,,,,
,15K667,2.52,,,,,,,,,,,,,,,
,15K676,64.35,,,,,,,,,,,,,,,
C,15K698,2.35,12.6,,,,,,,,,,,,,,
A,15K821,2.86,8.3,,,,,,,,,,,,,,
B,16K005,60.67,5.2,,,,,,,,,,,,,,
A,16K021,54.57,9.6,,,,,,,,,,,,,,
C,16K025,62.84,3.2,,,,,,,,,,,,,,
C,16K026,59.8,6.3,,,,,,,,,,,,,,
B,16K028,59.27,10.9,,,,,,,,,,,,,,
A,16K035,2.34,9.9,,,,,,,,,,,,,,
A,16K040,59.56,8.4,,,,,,,,,,,,,,
C,16K057,2.43,10.2,,,,,,,,,,,,,,
B,16K081,62.53,7.6,,,,,,,,,,,,,,
C,16K243,63.97,6.7,,,,,,,,,,,,,,
A,16K262,62.09,9.1,,,,,,,,,,,,,,
B,16K267,2.2,8.8,,,,,,,,,,,,,,
C,16K308,57.01,3.4,,,,,,,,,,,,,,
C,16K309,60.65,9.6,,,,,,,,,,,,,,
B,16K335,65.55,5.8,,,,,,,,,,,,,,
A,16K385,2.13,5.3,,,,,,,,,,,,,,
B,16K393,2.44,6.2,,,,,,,,,,,,,,
Other,16K393,2.71,4.4,,,,,,,,,,,,,,
C,16K455,1.79,6.7,,,,,,,,,,,,,,
A,16K498,1.97,11.7,,,,,,,,,,,,,,
C,16K534,2.13,2.5,,,,,,,,,,,,,,
C,16K584,2.38,5.5,,,,,,,,,,,,,,
,16K594,2.38,,,,,,,,,,,,,,,
Other,16K627,59.9,11.7,,,,,,,,,,,,,,
A,16K636,65.29,9.8,,,,,,,,,,,,,,
,16K688,2.23,,,,,,,,,,,,,,,
B,17K002,2.36,10.0,,,,,,,,,,,,,,
B,17K006,60.87,8.9,,,,,,,,,,,,,,
B,17K012,62.04,5.4,,,,,,,,,,,,,,
C,17K022,64.98,2.5,,,,,,,,,,,,,,
C,17K061,2.96,5.0,,,,,,,,,,,,,,
C,17K091,66.08,6.3,,,,,,,,,,,,,,
C,17K092,61.48,8.6,,,,,,,,,,,,,,
A,17K138,61.43,9.7,,,,,,,,,,,,,,
C,17K161,55.98,6.0,,,,,,,,,,,,,,
C,17K167,64.61,5.7,,,,,,,,,,,,,,
C,17K181,56.46,3.3,,,,,,,,,,,,,,
B,17K189,59.69,10.2,,,,,,,,,,,,,,
C,17K191,64.38,6.9,,,,,,,,,,,,,,
C,17K221,60.84,8.1,,,,,,,,,,,,,,
C,17K241,60.87,8.5,,,,,,,,,,,,,,
B,17K246,2.19,7.2,,,,,,,,,,,,,,
A,17K249,61.1,14.0,,,,,,,,,,,,,,
B,17K289,59.8,4.0,,,,,,,,,,,,,,
A,17K316,61.5,5.8,,,,,,,,,,,,,,
B,17K334,2.0,6.2,,,,,,,,,,,,,,
B,17K340,3.44,5.8,,,,,,,,,,,,,,
B,17K352,2.35,6.1,,,,,,,,,,,,,,
A,17K353,2.14,9.1,,,,,,,,,,,,,,
A,17K354,2.12,9.2,,,,,,,,,,,,,,
B,17K375,60.43,9.8,,,,,,,,,,,,,,
B,17K382,2.51,5.8,,,,,,,,,,,,,,
Other,17K382,2.86,3.9,,,,,,,,,,,,,,
C,17K394,57.04,8.9,,,,,,,,,,,,,,
B,17K397,61.16,9.6,,,,,,,,,,,,,,
B,17K398,65.36,2.9,,,,,,,,,,,,,,
A,17K399,57.33,11.0,,,,,,,,,,,,,,
Other,17K408,2.35,5.2,,,,,,,,,,,,,,
B,17K467,,6.6,,,,,,,,,,,,,,
C,17K484,2.48,6.8,,,,,,,,,,,,,,
C,17K489,2.29,6.9,,,,,,,,,,,,,,
B,17K524,2.15,13.0,,,,,,,,,,,,,,
C,17K528,2.28,6.3,,,,,,,,,,,,,,
A,17K531,2.21,14.0,,,,,,,,,,,,,,
B,17K531,2.71,12.1,,,,,,,,,,,,,,
C,17K533,2.26,6.5,,,,,,,,,,,,,,
C,17K533,2.69,5.3,,,,,,,,,,,,,,
C,17K537,2.15,8.2,,,,,,,,,,,,,,
A,17K539,2.12,11.2,,,,,,,,,,,,,,
A,17K543,3.23,11.3,,,,,,,,,,,,,,
C,17K543,3.39,10.5,,,,,,,,,,,,,,
C,17K544,2.27,7.1,,,,,,,,,,,,,,
A,17K546,2.98,11.4,,,,,,,,,,,,,,
A,17K547,2.45,11.3,,,,,,,,,,,,,,
A,17K548,2.45,9.1,,,,,,,,,,,,,,
B,17K568,2.43,15.0,,,,,,,,,,,,,,
C,17K587,2.4,6.4,,,,,,,,,,,,,,
B,17K590,3.32,7.4,,,,,,,,,,,,,,
B,17K590,3.79,8.6,,,,,,,,,,,,,,
C,17K600,2.55,8.7,,,,,,,,,,,,,,
C,17K625,1.83,6.5,,,,,,,,,,,,,,
A,18K066,50.1,9.1,,,,,,,,,,,,,,
C,18K068,2.5,5.2,,,,,,,,,,,,,,
Other,18K114,53.34,0.0,,,,,,,,,,,,,,
B,18K115,52.55,10.5,,,,,,,,,,,,,,
B,18K135,58.06,11.0,,,,,,,,,,,,,,
B,18K208,53.52,11.1,,,,,,,,,,,,,,
B,18K211,2.6,7.8,,,,,,,,,,,,,,
C,18K219,60.32,6.3,,,,,,,,,,,,,,
C,18K233,57.39,5.7,,,,,,,,,,,,,,
B,18K235,48.76,8.0,,,,,,,,,,,,,,
B,18K244,54.95,8.3,,,,,,,,,,,,,,
C,18K268,59.72,8.7,,,,,,,,,,,,,,
C,18K272,60.88,4.8,,,,,,,,,,,,,,
C,18K276,54.18,6.0,,,,,,,,,,,,,,
C,18K279,54.4,6.1,,,,,,,,,,,,,,
C,18K285,2.91,3.9,,,,,,,,,,,,,,
,18K366,2.88,,,,,,,,,,,,,,,
,18K415,,,,,,,,,,,,,,,,
,18K500,,,,,,,,,,,,,,,,
C,18K501,,7.8,,,,,,,,,,,,,,
,18K515,,,,,,,,,,,,,,,,
,18K563,2.2,,,,,,,,,,,,,,,
,18K566,2.12,,,,,,,,,,,,,,,
,18K567,2.26,,,,,,,,,,,,,,,
,18K569,2.23,,,,,,,,,,,,,,,
,18K576,2.41,,,,,,,,,,,,,,,
C,18K578,2.19,7.8,,,,,,,,,,,,,,
C,18K581,2.34,2.4,,,,,,,,,,,,,,
C,18K588,2.52,3.4,,,,,,,,,,,,,,
,18K589,2.29,,,,,,,,,,,,,,,
C,18K598,2.6,6.4,,,,,,,,,,,,,,
,18K617,2.36,,,,,,,,,,,,,,,
,18K629,2.27,,,,,,,,,,,,,,,
,18K633,2.91,,,,,,,,,,,,,,,
,18K635,2.3,,,,,,,,,,,,,,,
,18K637,2.22,,,,,,,,,,,,,,,
,18K642,2.42,,,,,,,,,,,,,,,
,18K673,2.37,,,,,,,,,,,,,,,
C,18K922,,9.1,,,,,,,,,,,,,,
B,19K007,59.34,6.8,,,,,,,,,,,,,,
C,19K013,61.11,7.4,,,,,,,,,,,,,,
A,19K065,57.04,12.6,,,,,,,,,,,,,,
,19K072,,,,,,,,,,,,,,,,
B,19K089,63.11,10.5,,,,,,,,,,,,,,
B,19K108,58.0,9.2,,,,,,,,,,,,,,
C,19K149,63.5,4.9,,,,,,,,,,,,,,
C,19K158,60.01,7.9,,,,,,,,,,,,,,
C,19K159,49.76,5.4,,,,,,,,,,,,,,
C,19K166,2.27,4.9,,,,,,,,,,,,,,
C,19K171,2.89,5.5,,,,,,,,,,,,,,
C,19K174,58.42,7.3,,,,,,,,,,,,,,
A,19K190,61.38,7.1,,,,,,,,,,,,,,
C,19K202,60.65,5.6,,,,,,,,,,,,,,
C,19K213,60.65,8.4,,,,,,,,,,,,,,
B,19K214,48.35,6.5,,,,,,,,,,,,,,
B,19K218,2.56,5.3,,,,,,,,,,,,,,
B,19K224,58.34,4.6,,,,,,,,,,,,,,
Other,19K260,60.61,1.3,,,,,,,,,,,,,,
C,19K273,57.07,9.5,,,,,,,,,,,,,,
B,19K290,58.71,9.9,,,,,,,,,,,,,,
C,19K292,2.64,5.3,,,,,,,,,,,,,,
Other,19K302,2.74,3.5,,,,,,,,,,,,,,
B,19K306,60.24,4.0,,,,,,,,,,,,,,
B,19K311,2.77,6.5,,,,,,,,,,,,,,
B,19K328,65.26,3.0,,,,,,,,,,,,,,
B,19K345,61.94,3.8,,,,,,,,,,,,,,
C,19K346,50.85,4.2,,,,,,,,,,,,,,
B,19K364,2.89,7.1,,,,,,,,,,,,,,
B,19K409,2.93,8.4,,,,,,,,,,,,,,
B,19K409,3.43,7.5,,,,,,,,,,,,,,
,19K420,,,,,,,,,,,,,,,,
B,19K431,,3.3,,,,,,,,,,,,,,
B,19K452,3.26,8.7,,,,,,,,,,,,,,
C,19K502,2.16,7.9,,,,,,,,,,,,,,
B,19K504,2.22,8.6,,,,,,,,,,,,,,
B,19K507,2.2,4.0,,,,,,,,,,,,,,
B,19K510,2.27,6.9,,,,,,,,,,,,,,
,19K583,2.01,,,,,,,,,,,,,,,
B,19K615,2.51,7.6,,,,,,,,,,,,,,
,19K618,2.2,,,,,,,,,,,,,,,
,19K639,2.33,,,,,,,,,,,,,,,
Other,19K659,2.49,7.9,,,,,,,,,,,,,,
B,19K660,1.78,6.4,,,,,,,,,,,,,,
,19K677,56.49,,,,,,,,,,,,,,,
,19K678,2.31,,,,,,,,,,,,,,,
,19K683,2.46,,,,,,,,,,,,,,,
A,20K030,3.1,8.3,,,,,,,,,,,,,,
B,20K048,36.11,7.6,,,,,,,,,,,,,,
A,20K062,2.54,9.9,,,,,,,,,,,,,,
A,20K069,37.32,12.3,,,,,,,,,,,,,,
B,20K102,33.23,8.1,,,,,,,,,,,,,,
A,20K104,26.87,9.6,,,,,,,,,,,,,,
A,20K105,34.11,11.3,,,,,,,,,,,,,,
B,20K112,31.71,9.6,,,,,,,,,,,,,,
Other,20K127,35.55,7.6,,,,,,,,,,,,,,
B,20K160,39.57,9.7,,,,,,,,,,,,,,
A,20K163,35.78,9.5,,,,,,,,,,,,,,
A,20K164,55.23,13.1,,,,,,,,,,,,,,
B,20K170,35.87,8.2,,,,,,,,,,,,,,
A,20K176,31.47,9.5,,,,,,,,,,,,,,
C,20K179,44.57,6.9,,,,,,,,,,,,,,
B,20K180,30.55,9.9,,,,,,,,,,,,,,
C,20K185,21.11,8.1,,,,,,,,,,,,,,
B,20K186,32.66,6.6,,,,,,,,,,,,,,
A,20K187,3.95,11.8,,,,,,,,,,,,,,
A,20K192,53.11,8.3,,,,,,,,,,,,,,
B,20K200,29.01,3.6,,,,,,,,,,,,,,
A,20K201,3.27,8.1,,,,,,,,,,,,,,
A,20K204,26.4,11.3,,,,,,,,,,,,,,
B,20K205,39.46,6.2,,,,,,,,,,,,,,
B,20K220,2.8,6.8,,,,,,,,,,,,,,
B,20K223,2.62,8.3,,,,,,,,,,,,,,
B,20K227,2.9,5.0,,,,,,,,,,,,,,
B,20K229,20.71,7.9,,,,,,,,,,,,,,
A,20K247,30.07,8.4,,,,,,,,,,,,,,
A,20K259,3.12,11.5,,,,,,,,,,,,,,
B,20K445,2.35,9.9,,,,,,,,,,,,,,
A,20K485,2.58,11.6,,,,,,,,,,,,,,
B,20K490,2.59,11.0,,,,,,,,,,,,,,
B,20K503,58.81,10.4,,,,,,,,,,,,,,
B,20K505,2.29,9.8,,,,,,,,,,,,,,
A,24Q128,15.88,11.3,,,,,,,,,,,,,,
B,20K506,54.32,10.1,,,,,,,,,,,,,,
B,20K609,2.92,6.8,,,,,,,,,,,,,,
A,20K658,,9.3,,,,,,,,,,,,,,
B,21K090,54.97,7.9,,,,,,,,,,,,,,
C,21K095,40.01,4.1,,,,,,,,,,,,,,
B,21K096,2.83,4.7,,,,,,,,,,,,,,
A,21K097,29.88,10.4,,,,,,,,,,,,,,
A,21K098,3.64,7.4,,,,,,,,,,,,,,
A,21K099,40.92,9.2,,,,,,,,,,,,,,
B,21K100,29.67,8.5,,,,,,,,,,,,,,
B,21K101,29.5,11.3,,,,,,,,,,,,,,
A,21K121,45.12,11.7,,,,,,,,,,,,,,
B,21K128,35.29,10.9,,,,,,,,,,,,,,
B,21K153,38.36,6.7,,,,,,,,,,,,,,
A,21K177,37.55,7.8,,,,,,,,,,,,,,
C,21K188,54.89,9.1,,,,,,,,,,,,,,
B,21K199,34.33,7.2,,,,,,,,,,,,,,
C,21K209,33.97,6.9,,,,,,,,,,,,,,
B,21K212,43.14,9.8,,,,,,,,,,,,,,
C,21K215,29.64,7.2,,,,,,,,,,,,,,
B,21K216,32.81,8.6,,,,,,,,,,,,,,
A,21K225,40.3,8.1,,,,,,,,,,,,,,
A,21K226,41.22,9.8,,,,,,,,,,,,,,
C,21K228,3.06,4.7,,,,,,,,,,,,,,
B,21K238,51.64,10.4,,,,,,,,,,,,,,
A,21K239,3.82,10.0,,,,,,,,,,,,,,
A,21K253,47.23,11.2,,,,,,,,,,,,,,
B,21K281,3.02,6.8,,,,,,,,,,,,,,
A,21K288,62.28,5.0,,,,,,,,,,,,,,
B,21K303,2.94,8.6,,,,,,,,,,,,,,
C,21K329,60.76,9.7,,,,,,,,,,,,,,
C,21K337,2.05,11.2,,,,,,,,,,,,,,
B,21K344,2.57,5.3,,,,,,,,,,,,,,
B,21K348,2.36,9.0,,,,,,,,,,,,,,
,21K400,,,,,,,,,,,,,,,,
C,21K410,2.53,7.8,,,,,,,,,,,,,,
B,21K411,,9.0,,,,,,,,,,,,,,
,21K468,3.03,,,,,,,,,,,,,,,
B,21K468,2.99,8.8,,,,,,,,,,,,,,
A,21K525,2.75,9.8,,,,,,,,,,,,,,
C,21K540,2.65,5.7,,,,,,,,,,,,,,
,21K559,2.41,,,,,,,,,,,,,,,
,21K572,2.27,,,,,,,,,,,,,,,
Other,21K620,2.02,6.3,,,,,,,,,,,,,,
A,21K690,2.5,8.6,,,,,,,,,,,,,,
A,21K690,2.95,6.7,,,,,,,,,,,,,,
A,21K728,2.32,11.7,,,,,,,,,,,,,,
C,22K014,2.42,6.9,,,,,,,,,,,,,,
B,22K052,37.3,7.4,,,,,,,,,,,,,,
C,22K078,2.84,6.0,,,,,,,,,,,,,,
B,22K109,59.99,6.7,,,,,,,,,,,,,,
B,22K119,48.56,12.7,,,,,,,,,,,,,,
A,22K134,52.2,9.4,,,,,,,,,,,,,,
C,22K139,51.56,6.2,,,,,,,,,,,,,,
C,22K152,53.19,10.6,,,,,,,,,,,,,,
B,22K193,44.35,8.8,,,,,,,,,,,,,,
C,22K194,55.35,8.2,,,,,,,,,,,,,,
A,22K195,11.09,8.6,,,,,,,,,,,,,,
A,22K197,41.82,9.8,,,,,,,,,,,,,,
C,22K198,52.47,5.4,,,,,,,,,,,,,,
C,22K203,55.65,7.3,,,,,,,,,,,,,,
A,22K206,27.19,6.1,,,,,,,,,,,,,,
C,22K207,28.01,8.7,,,,,,,,,,,,,,
B,22K217,41.41,9.4,,,,,,,,,,,,,,
A,22K222,28.68,10.2,,,,,,,,,,,,,,
B,22K234,3.49,8.4,,,,,,,,,,,,,,
B,22K236,22.73,9.6,,,,,,,,,,,,,,
B,22K240,3.0,3.9,,,,,,,,,,,,,,
A,22K245,58.77,11.7,,,,,,,,,,,,,,
C,22K251,56.06,5.7,,,,,,,,,,,,,,
A,22K254,30.26,8.7,,,,,,,,,,,,,,
A,22K255,33.7,11.0,,,,,,,,,,,,,,
C,22K269,60.09,9.4,,,,,,,,,,,,,,
A,22K277,18.87,9.6,,,,,,,,,,,,,,
Other,22K278,3.01,9.5,,,,,,,,,,,,,,
C,22K312,29.61,10.1,,,,,,,,,,,,,,
B,22K315,54.18,9.7,,,,,,,,,,,,,,
C,22K361,56.47,5.5,,,,,,,,,,,,,,
C,22K381,3.07,6.8,,,,,,,,,,,,,,
B,22K405,3.16,7.5,,,,,,,,,,,,,,
B,22K425,2.72,10.9,,,,,,,,,,,,,,
C,22K495,2.21,8.2,,,,,,,,,,,,,,
B,22K535,3.54,7.5,,,,,,,,,,,,,,
A,22K555,3.27,12.5,,,,,,,,,,,,,,
B,22K555,3.47,14.0,,,,,,,,,,,,,,
C,23K041,61.7,2.6,,,,,,,,,,,,,,
C,23K073,61.77,6.3,,,,,,,,,,,,,,
Other,23K137,62.63,3.5,,,,,,,,,,,,,,
C,23K150,66.85,3.4,,,,,,,,,,,,,,
B,23K155,65.59,8.6,,,,,,,,,,,,,,
C,23K156,56.4,8.0,,,,,,,,,,,,,,
C,23K165,57.83,5.6,,,,,,,,,,,,,,
B,23K178,62.56,8.3,,,,,,,,,,,,,,
C,23K184,61.84,3.6,,,,,,,,,,,,,,
C,23K284,62.67,7.8,,,,,,,,,,,,,,
C,23K298,62.86,1.4,,,,,,,,,,,,,,
B,23K323,59.29,9.9,,,,,,,,,,,,,,
C,23K327,57.98,3.2,,,,,,,,,,,,,,
Other,23K332,61.43,3.0,,,,,,,,,,,,,,
B,23K392,3.66,7.7,,,,,,,,,,,,,,
C,23K493,2.25,9.4,,,,,,,,,,,,,,
Other,23K493,3.12,4.4,,,,,,,,,,,,,,
B,23K514,2.38,8.8,,,,,,,,,,,,,,
C,23K518,2.63,7.3,,,,,,,,,,,,,,
C,23K522,3.23,6.2,,,,,,,,,,,,,,
Other,23K631,61.89,3.6,,,,,,,,,,,,,,
Other,23K634,2.24,6.0,,,,,,,,,,,,,,
A,23K643,2.23,12.6,,,,,,,,,,,,,,
A,23K644,2.68,11.9,,,,,,,,,,,,,,
,23K645,,,,,,,,,,,,,,,,
Other,23K646,2.21,4.7,,,,,,,,,,,,,,
C,23K647,2.24,9.6,,,,,,,,,,,,,,
A,23K697,2.36,10.3,,,,,,,,,,,,,,
C,23K697,3.2,6.2,,,,,,,,,,,,,,
A,24Q005,2.96,8.9,,,,,,,,,,,,,,
B,24Q007,43.95,8.0,,,,,,,,,,,,,,
A,24Q012,41.84,11.4,,,,,,,,,,,,,,
B,24Q013,44.49,9.2,,,,,,,,,,,,,,
A,24Q014,56.04,10.2,,,,,,,,,,,,,,
B,24Q016,56.98,12.6,,,,,,,,,,,,,,
B,24Q019,59.2,8.6,,,,,,,,,,,,,,
A,24Q028,62.35,15.0,,,,,,,,,,,,,,
C,24Q049,22.9,5.8,,,,,,,,,,,,,,
A,24Q058,32.68,6.3,,,,,,,,,,,,,,
B,24Q061,2.8,7.9,,,,,,,,,,,,,,
B,24Q068,54.43,7.6,,,,,,,,,,,,,,
C,24Q071,37.4,2.1,,,,,,,,,,,,,,
A,24Q073,2.98,4.5,,,,,,,,,,,,,,
B,24Q077,2.74,7.1,,,,,,,,,,,,,,
A,24Q081,55.46,10.1,,,,,,,,,,,,,,
A,24Q087,40.04,11.9,,,,,,,,,,,,,,
C,24Q088,41.72,6.9,,,,,,,,,,,,,,
A,24Q089,57.28,9.4,,,,,,,,,,,,,,
B,24Q091,41.4,5.8,,,,,,,,,,,,,,
B,24Q093,2.83,5.5,,,,,,,,,,,,,,
A,24Q102,36.06,11.6,,,,,,,,,,,,,,
A,24Q113,30.2,10.5,,,,,,,,,,,,,,
C,24Q119,3.22,3.3,,,,,,,,,,,,,,
B,24Q125,3.1,8.6,,,,,,,,,,,,,,
C,24Q143,61.92,8.1,,,,,,,,,,,,,,
A,24Q153,35.75,7.6,,,,,,,,,,,,,,
B,24Q199,47.79,9.1,,,,,,,,,,,,,,
A,24Q229,34.02,9.4,,,,,,,,,,,,,,
B,24Q239,57.61,10.2,,,,,,,,,,,,,,
A,24Q264,2.82,9.3,,,,,,,,,,,,,,
A,24Q267,2.46,10.5,,,,,,,,,,,,,,
,24Q293,2.64,,,,,,,,,,,,,,,
,24Q296,2.4,,,,,,,,,,,,,,,
A,24Q299,3.7,12.1,,,,,,,,,,,,,,
C,24Q455,2.35,8.6,,,,,,,,,,,,,,
Other,24Q457,,7.5,,,,,,,,,,,,,,
B,24Q485,2.38,8.7,,,,,,,,,,,,,,
B,24Q520,2.58,10.1,,,,,,,,,,,,,,
A,24Q530,2.63,14.1,,,,,,,,,,,,,,
A,24Q550,2.52,10.7,,,,,,,,,,,,,,
C,24Q560,2.65,7.5,,,,,,,,,,,,,,
A,24Q560,3.72,7.1,,,,,,,,,,,,,,
A,24Q600,2.58,10.5,,,,,,,,,,,,,,
A,24Q610,3.05,9.8,,,,,,,,,,,,,,
B,24Q744,2.54,13.0,,,,,,,,,,,,,,
A,24Q877,41.62,10.3,,,,,,,,,,,,,,
B,25Q020,39.45,8.2,,,,,,,,,,,,,,
B,25Q021,34.76,8.8,,,,,,,,,,,,,,
A,25Q022,37.53,7.8,,,,,,,,,,,,,,
A,25Q024,33.64,12.3,,,,,,,,,,,,,,
B,25Q025,3.29,6.4,,,,,,,,,,,,,,
B,25Q029,41.7,6.6,,,,,,,,,,,,,,
A,25Q032,24.81,12.4,,,,,,,,,,,,,,
C,25Q079,20.32,2.8,,,,,,,,,,,,,,
B,25Q107,28.99,11.2,,,,,,,,,,,,,,
A,25Q120,33.12,6.1,,,,,,,,,,,,,,
B,25Q129,37.49,10.9,,,,,,,,,,,,,,
A,25Q130,18.02,10.6,,,,,,,,,,,,,,
C,25Q154,35.84,6.8,,,,,,,,,,,,,,
B,25Q163,31.39,5.2,,,,,,,,,,,,,,
A,25Q164,32.89,5.2,,,,,,,,,,,,,,
B,25Q165,36.73,3.0,,,,,,,,,,,,,,
C,25Q169,18.4,10.4,,,,,,,,,,,,,,
A,25Q184,21.47,11.1,,,,,,,,,,,,,,
A,25Q185,3.22,6.0,,,,,,,,,,,,,,
B,25Q189,3.18,10.2,,,,,,,,,,,,,,
C,25Q193,16.62,3.4,,,,,,,,,,,,,,
A,25Q194,3.29,5.2,,,,,,,,,,,,,,
B,25Q200,41.19,6.5,,,,,,,,,,,,,,
A,25Q201,56.38,6.9,,,,,,,,,,,,,,
A,25Q209,16.0,9.4,,,,,,,,,,,,,,
A,25Q214,37.84,8.9,,,,,,,,,,,,,,
A,25Q219,46.73,7.4,,,,,,,,,,,,,,
A,25Q237,3.04,8.4,,,,,,,,,,,,,,
A,25Q242,27.28,7.0,,,,,,,,,,,,,,
C,25Q250,3.0,4.3,,,,,,,,,,,,,,
,25Q252,3.15,,,,,,,,,,,,,,,
A,25Q252,3.21,9.3,,,,,,,,,,,,,,
B,25Q263,2.45,13.9,,,,,,,,,,,,,,
A,25Q281,2.93,5.6,,,,,,,,,,,,,,
A,25Q281,3.48,4.2,,,,,,,,,,,,,,
A,25Q285,2.82,8.4,,,,,,,,,,,,,,
C,25Q285,3.04,7.8,,,,,,,,,,,,,,
A,25Q294,3.18,10.3,,,,,,,,,,,,,,
B,25Q425,2.45,8.3,,,,,,,,,,,,,,
C,25Q460,2.45,8.5,,,,,,,,,,,,,,
A,25Q467,,6.6,,,,,,,,,,,,,,
A,25Q499,29.81,7.3,,,,,,,,,,,,,,
A,25Q525,3.98,11.3,,,,,,,,,,,,,,
C,25Q540,2.4,5.7,,,,,,,,,,,,,,
Other,25Q670,2.7,6.8,,,,,,,,,,,,,,
B,25Q792,2.31,11.7,,,,,,,,,,,,,,
A,26Q018,22.1,11.4,,,,,,,,,,,,,,
A,26Q026,26.21,8.3,,,,,,,,,,,,,,
A,26Q031,27.05,7.5,,,,,,,,,,,,,,
A,26Q041,15.01,12.9,,,,,,,,,,,,,,
A,26Q046,23.57,11.6,,,,,,,,,,,,,,
B,26Q067,3.59,7.4,,,,,,,,,,,,,,
A,26Q074,3.52,8.3,,,,,,,,,,,,,,
B,26Q094,14.92,11.5,,,,,,,,,,,,,,
B,26Q098,8.1,8.0,,,,,,,,,,,,,,
B,26Q115,24.82,7.9,,,,,,,,,,,,,,
A,26Q133,27.85,9.8,,,,,,,,,,,,,,
B,26Q158,3.4,5.7,,,,,,,,,,,,,,
A,26Q159,21.45,10.7,,,,,,,,,,,,,,
B,26Q162,18.2,10.0,,,,,,,,,,,,,,
B,26Q172,3.33,3.6,,,,,,,,,,,,,,
A,26Q173,19.44,11.1,,,,,,,,,,,,,,
B,26Q178,18.08,7.1,,,,,,,,,,,,,,
B,26Q186,22.65,11.6,,,,,,,,,,,,,,
A,26Q188,11.76,10.8,,,,,,,,,,,,,,
A,26Q191,18.18,13.6,,,,,,,,,,,,,,
A,26Q203,15.45,9.0,,,,,,,,,,,,,,
A,26Q205,15.6,8.8,,,,,,,,,,,,,,
A,26Q213,21.84,11.6,,,,,,,,,,,,,,
A,26Q216,3.43,4.7,,,,,,,,,,,,,,
A,26Q221,14.8,12.9,,,,,,,,,,,,,,
B,26Q266,20.08,7.8,,,,,,,,,,,,,,
B,26Q415,3.03,8.0,,,,,,,,,,,,,,
B,26Q430,2.92,9.7,,,,,,,,,,,,,,
C,26Q435,2.38,5.4,,,,,,,,,,,,,,
B,26Q495,3.08,9.2,,,,,,,,,,,,,,
B,26Q566,2.8,8.3,,,,,,,,,,,,,,
C,27Q042,58.71,5.2,,,,,,,,,,,,,,
C,27Q043,58.98,6.3,,,,,,,,,,,,,,
B,27Q045,53.15,4.3,,,,,,,,,,,,,,
A,27Q047,20.9,13.1,,,,,,,,,,,,,,
C,27Q053,2.33,4.0,,,,,,,,,,,,,,
B,27Q056,36.87,10.9,,,,,,,,,,,,,,
A,27Q060,46.97,6.1,,,,,,,,,,,,,,
C,27Q062,32.59,8.4,,,,,,,,,,,,,,
A,27Q063,42.39,8.6,,,,,,,,,,,,,,
C,27Q064,40.04,10.2,,,,,,,,,,,,,,
C,27Q065,42.33,7.1,,,,,,,,,,,,,,
A,27Q066,54.59,11.2,,,,,,,,,,,,,,
B,27Q090,47.29,7.4,,,,,,,,,,,,,,
B,27Q096,45.49,6.4,,,,,,,,,,,,,,
A,27Q097,53.41,7.9,,,,,,,,,,,,,,
B,27Q100,41.88,4.9,,,,,,,,,,,,,,
C,27Q104,57.66,7.5,,,,,,,,,,,,,,
C,27Q105,57.54,5.3,,,,,,,,,,,,,,
B,27Q106,58.88,3.8,,,,,,,,,,,,,,
A,27Q108,31.13,8.9,,,,,,,,,,,,,,
B,27Q114,11.12,6.4,,,,,,,,,,,,,,
B,27Q123,52.54,6.4,,,,,,,,,,,,,,
C,27Q124,39.08,9.8,,,,,,,,,,,,,,
B,27Q137,3.1,3.6,,,,,,,,,,,,,,
B,27Q146,28.28,8.4,,,,,,,,,,,,,,
C,27Q155,49.09,7.0,,,,,,,,,,,,,,
B,27Q183,59.07,10.9,,,,,,,,,,,,,,
A,27Q197,65.72,5.2,,,,,,,,,,,,,,
B,27Q202,3.07,6.8,,,,,,,,,,,,,,
A,27Q207,19.26,7.4,,,,,,,,,,,,,,
C,27Q210,3.05,2.9,,,,,,,,,,,,,,
Other,27Q215,64.12,4.9,,,,,,,,,,,,,,
B,27Q223,52.03,5.9,,,,,,,,,,,,,,
,27Q225,,,,,,,,,,,,,,,,
C,27Q226,2.77,4.5,,,,,,,,,,,,,,
A,27Q232,30.63,9.4,,,,,,,,,,,,,,
C,27Q253,64.09,8.4,,,,,,,,,,,,,,
A,27Q254,51.8,14.1,,,,,,,,,,,,,,
C,27Q260,2.45,5.5,,,,,,,,,,,,,,
A,27Q262,2.91,11.3,,,,,,,,,,,,,,
B,27Q262,3.16,10.2,,,,,,,,,,,,,,
C,27Q282,3.07,8.6,,,,,,,,,,,,,,
,27Q302,2.36,,,,,,,,,,,,,,,
,27Q308,2.62,,,,,,,,,,,,,,,
,27Q309,2.67,,,,,,,,,,,,,,,
Other,27Q309,2.86,8.9,,,,,,,,,,,,,,
,27Q317,55.94,,,,,,,,,,,,,,,
,27Q318,2.25,,,,,,,,,,,,,,,
,27Q319,2.24,,,,,,,,,,,,,,,
,27Q323,3.7,,,,,,,,,,,,,,,
A,27Q323,4.0,9.0,,,,,,,,,,,,,,
C,27Q333,56.3,13.6,,,,,,,,,,,,,,
C,27Q400,2.13,7.6,,,,,,,,,,,,,,
Other,27Q410,2.05,6.1,,,,,,,,,,,,,,
,27Q465,,,,,,,,,,,,,,,,
C,27Q475,2.38,6.0,,,,,,,,,,,,,,
B,27Q480,2.32,7.7,,,,,,,,,,,,,,
A,27Q487,,10.6,,,,,,,,,,,,,,
A,27Q650,3.21,8.1,,,,,,,,,,,,,,
C,28Q008,2.31,6.2,,,,,,,,,,,,,,
Other,28Q030,53.29,5.3,,,,,,,,,,,,,,
Other,28Q040,58.43,4.7,,,,,,,,,,,,,,
C,28Q048,53.84,3.7,,,,,,,,,,,,,,
B,28Q050,54.97,1.5,,,,,,,,,,,,,,
C,28Q054,46.28,7.3,,,,,,,,,,,,,,
C,28Q055,39.48,5.2,,,,,,,,,,,,,,
C,28Q072,2.74,5.2,,,,,,,,,,,,,,
C,28Q080,56.76,7.2,,,,,,,,,,,,,,
B,28Q082,53.27,9.1,,,,,,,,,,,,,,
B,28Q086,48.22,4.4,,,,,,,,,,,,,,
A,28Q099,38.66,7.7,,,,,,,,,,,,,,
B,28Q101,14.66,6.3,,,,,,,,,,,,,,
B,28Q117,38.31,6.3,,,,,,,,,,,,,,
A,28Q121,40.19,7.5,,,,,,,,,,,,,,
C,28Q139,27.27,6.7,,,,,,,,,,,,,,
C,28Q140,55.74,4.6,,,,,,,,,,,,,,
B,28Q144,19.51,7.0,,,,,,,,,,,,,,
,28Q157,1.46,,,,,,,,,,,,,,,
A,28Q157,2.99,6.5,,,,,,,,,,,,,,
B,28Q160,57.13,4.6,,,,,,,,,,,,,,
A,28Q161,38.18,8.9,,,,,,,,,,,,,,
B,28Q174,23.31,3.8,,,,,,,,,,,,,,
A,28Q175,29.73,7.2,,,,,,,,,,,,,,
Other,28Q182,51.73,3.6,,,,,,,,,,,,,,
,28Q190,2.99,,,,,,,,,,,,,,,
C,28Q190,3.18,3.0,,,,,,,,,,,,,,
A,28Q196,13.79,9.8,,,,,,,,,,,,,,
C,28Q206,43.18,1.2,,,,,,,,,,,,,,
B,28Q217,2.86,5.0,,,,,,,,,,,,,,
A,28Q220,36.37,6.9,,,,,,,,,,,,,,
,28Q284,3.37,,,,,,,,,,,,,,,
B,28Q284,3.29,10.0,,,,,,,,,,,,,,
,28Q310,2.78,,,,,,,,,,,,,,,
A,28Q440,2.87,6.9,,,,,,,,,,,,,,
Other,28Q470,2.26,7.3,,,,,,,,,,,,,,
C,28Q505,2.57,12.4,,,,,,,,,,,,,,
A,28Q620,2.89,8.7,,,,,,,,,,,,,,
B,28Q680,3.54,6.2,,,,,,,,,,,,,,
B,28Q680,3.76,6.0,,,,,,,,,,,,,,
A,28Q687,3.89,9.6,,,,,,,,,,,,,,
B,28Q690,2.59,8.3,,,,,,,,,,,,,,
,28Q896,3.06,,,,,,,,,,,,,,,
C,28Q896,3.0,4.6,,,,,,,,,,,,,,
C,29Q015,53.23,8.1,,,,,,,,,,,,,,
C,29Q033,36.88,9.8,,,,,,,,,,,,,,
B,29Q034,59.68,9.0,,,,,,,,,,,,,,
Other,29Q035,45.15,0.0,,,,,,,,,,,,,,
Other,29Q036,52.43,6.5,,,,,,,,,,,,,,
C,29Q037,49.84,4.7,,,,,,,,,,,,,,
B,29Q038,54.74,12.2,,,,,,,,,,,,,,
A,29Q052,55.77,5.2,,,,,,,,,,,,,,
C,29Q059,2.76,2.8,,,,,,,,,,,,,,
B,29Q095,44.57,4.2,,,,,,,,,,,,,,
C,29Q109,2.93,4.5,,,,,,,,,,,,,,
C,29Q116,55.23,5.4,,,,,,,,,,,,,,
C,29Q118,56.18,1.6,,,,,,,,,,,,,,
B,29Q131,36.48,10.0,,,,,,,,,,,,,,
C,29Q132,49.25,7.6,,,,,,,,,,,,,,
B,29Q134,57.38,7.6,,,,,,,,,,,,,,
C,29Q135,44.08,6.5,,,,,,,,,,,,,,
B,29Q136,52.88,5.4,,,,,,,,,,,,,,
C,29Q138,54.01,1.9,,,,,,,,,,,,,,
Other,29Q147,48.63,5.4,,,,,,,,,,,,,,
C,29Q156,48.35,3.6,,,,,,,,,,,,,,
C,29Q176,55.38,11.3,,,,,,,,,,,,,,
C,29Q181,53.11,3.3,,,,,,,,,,,,,,
B,29Q192,2.56,12.9,,,,,,,,,,,,,,
Other,29Q195,56.72,9.2,,,,,,,,,,,,,,
B,29Q208,40.43,9.4,,,,,,,,,,,,,,
Other,29Q231,2.55,8.0,,,,,,,,,,,,,,
C,29Q238,2.92,7.6,,,,,,,,,,,,,,
A,29Q248,2.43,7.3,,,,,,,,,,,,,,
C,29Q251,48.19,5.7,,,,,,,,,,,,,,
A,29Q259,2.54,9.4,,,,,,,,,,,,,,
C,29Q259,2.92,7.0,,,,,,,,,,,,,,
A,29Q265,2.34,8.7,,,,,,,,,,,,,,
B,29Q268,46.09,7.6,,,,,,,,,,,,,,
C,29Q270,48.66,9.1,,,,,,,,,,,,,,
A,29Q272,2.6,9.5,,,,,,,,,,,,,,
B,29Q283,2.55,9.7,,,,,,,,,,,,,,
C,29Q283,2.56,9.1,,,,,,,,,,,,,,
B,29Q295,40.79,8.6,,,,,,,,,,,,,,
C,29Q492,2.61,5.0,,,,,,,,,,,,,,
Other,29Q494,2.3,4.3,,,,,,,,,,,,,,
Other,29Q496,2.15,6.1,,,,,,,,,,,,,,
C,29Q498,2.48,7.2,,,,,,,,,,,,,,
A,30Q002,38.18,8.3,,,,,,,,,,,,,,
B,30Q010,2.95,8.1,,,,,,,,,,,,,,
B,30Q011,39.72,8.5,,,,,,,,,,,,,,
C,30Q017,50.33,6.0,,,,,,,,,,,,,,
A,30Q069,36.22,8.6,,,,,,,,,,,,,,
C,30Q070,38.9,5.3,,,,,,,,,,,,,,
A,30Q076,59.68,5.9,,,,,,,,,,,,,,
B,30Q078,37.45,10.3,,,,,,,,,,,,,,
C,30Q084,41.65,8.3,,,,,,,,,,,,,,
C,30Q085,38.05,8.3,,,,,,,,,,,,,,
A,30Q092,66.53,12.8,,,,,,,,,,,,,,
C,30Q111,60.14,7.7,,,,,,,,,,,,,,
B,30Q112,53.85,5.3,,,,,,,,,,,,,,
A,30Q122,29.83,7.4,,,,,,,,,,,,,,
C,30Q126,2.43,6.4,,,,,,,,,,,,,,
B,30Q127,58.66,2.9,,,,,,,,,,,,,,
A,30Q141,3.05,9.5,,,,,,,,,,,,,,
B,30Q145,2.93,10.1,,,,,,,,,,,,,,
B,30Q148,54.26,8.8,,,,,,,,,,,,,,
B,30Q149,57.58,10.0,,,,,,,,,,,,,,
B,30Q150,41.36,7.2,,,,,,,,,,,,,,
C,30Q151,52.44,3.8,,,,,,,,,,,,,,
A,30Q152,42.76,7.5,,,,,,,,,,,,,,
B,30Q166,48.46,9.3,,,,,,,,,,,,,,
C,30Q171,53.97,6.8,,,,,,,,,,,,,,
A,30Q204,2.65,7.0,,,,,,,,,,,,,,
B,30Q212,51.86,10.2,,,,,,,,,,,,,,
A,30Q222,52.99,8.1,,,,,,,,,,,,,,
A,30Q227,3.22,8.0,,,,,,,,,,,,,,
A,30Q228,59.66,13.3,,,,,,,,,,,,,,
A,30Q230,3.01,7.4,,,,,,,,,,,,,,
A,30Q234,43.3,11.0,,,,,,,,,,,,,,
A,30Q235,2.58,15.0,,,,,,,,,,,,,,
,30Q286,3.21,,,,,,,,,,,,,,,
A,30Q286,3.32,12.9,,,,,,,,,,,,,,
,30Q301,2.69,,,,,,,,,,,,,,,
C,30Q445,2.41,8.2,,,,,,,,,,,,,,
C,30Q450,2.47,6.3,,,,,,,,,,,,,,
A,30Q501,3.38,6.0,,,,,,,,,,,,,,
A,30Q502,2.45,11.5,,,,,,,,,,,,,,
A,30Q555,2.22,13.7,,,,,,,,,,,,,,
A,30Q575,3.03,8.9,,,,,,,,,,,,,,
A,30Q580,3.58,8.5,,,,,,,,,,,,,,
B,30Q580,3.93,8.5,,,,,,,,,,,,,,
B,31R001,16.76,9.1,,,,,,,,,,,,,,
C,31R002,2.75,5.0,,,,,,,,,,,,,,
C,31R003,12.69,5.5,,,,,,,,,,,,,,
C,31R004,20.31,4.5,,,,,,,,,,,,,,
C,31R005,9.85,11.0,,,,,,,,,,,,,,
C,31R006,17.3,8.2,,,,,,,,,,,,,,
B,31R007,3.22,6.4,,,,,,,,,,,,,,
A,31R008,22.21,10.6,,,,,,,,,,,,,,
B,31R011,41.72,7.7,,,,,,,,,,,,,,
C,31R013,43.71,7.3,,,,,,,,,,,,,,
C,31R014,60.13,1.9,,,,,,,,,,,,,,
C,31R016,60.48,4.5,,,,,,,,,,,,,,
B,31R018,63.37,6.6,,,,,,,,,,,,,,
B,31R019,52.86,8.6,,,,,,,,,,,,,,
C,31R020,63.76,12.0,,,,,,,,,,,,,,
A,31R021,55.61,10.3,,,,,,,,,,,,,,
B,31R022,47.18,4.5,,,,,,,,,,,,,,
B,31R023,17.64,8.3,,,,,,,,,,,,,,
C,31R024,3.17,6.2,,,,,,,,,,,,,,
C,31R026,35.42,3.9,,,,,,,,,,,,,,
C,31R027,2.75,6.4,,,,,,,,,,,,,,
C,31R029,22.46,12.2,,,,,,,,,,,,,,
C,31R030,21.51,4.7,,,,,,,,,,,,,,
B,31R031,58.05,7.1,,,,,,,,,,,,,,
B,31R032,14.69,4.9,,,,,,,,,,,,,,
A,31R034,3.13,9.4,,,,,,,,,,,,,,
C,31R035,24.18,8.5,,,,,,,,,,,,,,
C,31R036,12.59,4.4,,,,,,,,,,,,,,
B,31R038,35.23,5.9,,,,,,,,,,,,,,
C,31R039,29.95,8.5,,,,,,,,,,,,,,
C,31R041,29.98,4.5,,,,,,,,,,,,,,
C,31R042,16.03,9.8,,,,,,,,,,,,,,
C,31R044,61.46,5.6,,,,,,,,,,,,,,
C,31R045,36.76,3.8,,,,,,,,,,,,,,
Other,31R046,39.81,10.3,,,,,,,,,,,,,,
A,31R047,2.91,10.0,,,,,,,,,,,,,,
B,31R048,20.18,9.0,,,,,,,,,,,,,,
B,31R049,2.42,5.6,,,,,,,,,,,,,,
B,31R050,16.19,5.4,,,,,,,,,,,,,,
B,31R051,2.68,4.8,,,,,,,,,,,,,,
C,31R052,25.56,1.1,,,,,,,,,,,,,,
B,31R053,15.84,9.5,,,,,,,,,,,,,,
C,31R054,27.96,8.7,,,,,,,,,,,,,,
C,31R055,13.15,3.7,,,,,,,,,,,,,,
C,31R056,16.09,2.0,,,,,,,,,,,,,,
A,31R057,61.98,5.8,,,,,,,,,,,,,,
C,31R058,28.92,8.5,,,,,,,,,,,,,,
C,31R060,31.21,7.6,,,,,,,,,,,,,,
C,31R061,2.72,3.9,,,,,,,,,,,,,,
B,31R063,2.97,12.4,,,,,,,,,,,,,,
,31R064,2.45,,,,,,,,,,,,,,,
C,31R069,23.34,10.5,,,,,,,,,,,,,,
B,31R072,2.78,6.6,,,,,,,,,,,,,,
B,31R075,3.19,7.8,,,,,,,,,,,,,,
A,31R080,2.66,11.1,,,,,,,,,,,,,,
C,31R080,25.62,6.9,,,,,,,,,,,,,,
A,31R440,2.39,10.4,,,,,,,,,,,,,,
B,31R445,2.2,8.3,,,,,,,,,,,,,,
B,31R450,2.33,8.7,,,,,,,,,,,,,,
B,31R455,2.82,6.5,,,,,,,,,,,,,,
A,31R460,2.49,10.4,,,,,,,,,,,,,,
A,31R470,2.15,12.4,,,,,,,,,,,,,,
A,31R600,1.88,9.7,,,,,,,,,,,,,,
A,31R605,3.89,10.4,,,,,,,,,,,,,,
C,31R607,,6.6,,,,,,,,,,,,,,
,31R861,2.8,,,,,,,,,,,,,,,
A,32K045,59.75,8.2,,,,,,,,,,,,,,
C,32K075,58.17,7.4,,,,,,,,,,,,,,
C,32K086,64.97,12.0,,,,,,,,,,,,,,
B,32K106,65.03,6.7,,,,,,,,,,,,,,
A,32K116,65.12,7.3,,,,,,,,,,,,,,
C,32K123,64.11,8.7,,,,,,,,,,,,,,
B,32K145,63.73,7.9,,,,,,,,,,,,,,
C,32K151,63.84,9.3,,,,,,,,,,,,,,
C,32K162,2.61,3.7,,,,,,,,,,,,,,
A,32K274,63.41,7.5,,,,,,,,,,,,,,
C,32K291,2.55,5.5,,,,,,,,,,,,,,
C,32K296,2.67,3.7,,,,,,,,,,,,,,
B,32K299,60.0,4.1,,,,,,,,,,,,,,
C,32K347,2.62,6.1,,,,,,,,,,,,,,
C,32K349,2.64,7.3,,,,,,,,,,,,,,
B,32K376,64.02,11.2,,,,,,,,,,,,,,
B,32K377,62.08,4.7,,,,,,,,,,,,,,
C,32K383,3.65,4.2,,,,,,,,,,,,,,
A,32K384,59.7,12.2,,,,,,,,,,,,,,
A,32K403,2.02,7.1,,,,,,,,,,,,,,
C,32K545,2.42,7.0,,,,,,,,,,,,,,
A,32K549,2.07,10.8,,,,,,,,,,,,,,
B,32K552,1.92,9.4,,,,,,,,,,,,,,
A,32K554,2.86,13.5,,,,,,,,,,,,,,
C,32K554,3.34,12.6,,,,,,,,,,,,,,
B,32K556,1.91,10.8,,,,,,,,,,,,,,
B,32K564,2.12,13.0,,,,,,,,,,,,,,
C,75K036,,2.6,,,,,,,,,,,,,,
B,75K053,,13.8,,,,,,,,,,,,,,
Other,75K140,,4.5,,,,,,,,,,,,,,
B,75K141,,4.3,,,,,,,,,,,,,,
C,75K231,,11.3,,,,,,,,,,,,,,
Other,75K368,,6.8,,,,,,,,,,,,,,
B,75K369,,7.7,,,,,,,,,,,,,,
A,75K372,,13.7,,,,,,,,,,,,,,
A,75K771,,14.0,,,,,,,,,,,,,,
C,75M094,,4.5,,,,,,,,,,,,,,
A,75M138,,7.9,,,,,,,,,,,,,,
Other,75M169,,4.1,,,,,,,,,,,,,,
Other,75M811,,4.8,,,,,,,,,,,,,,
A,75Q004,,8.3,,,,,,,,,,,,,,
B,75Q009,,5.4,,,,,,,,,,,,,,
B,75Q023,,8.9,,,,,,,,,,,,,,
C,75Q075,,7.5,,,,,,,,,,,,,,
B,75Q224,,10.2,,,,,,,,,,,,,,
A,75Q256,,8.7,,,,,,,,,,,,,,
B,75R025,,9.7,,,,,,,,,,,,,,
B,75R373,,10.2,,,,,,,,,,,,,,
A,75X010,,10.3,,,,,,,,,,,,,,
A,75X017,,8.0,,,,,,,,,,,,,,
Other,75X168,,7.6,,,,,,,,,,,,,,
Other,75X186,,5.2,,,,,,,,,,,,,,
C,75X188,,10.4,,,,,,,,,,,,,,
B,75X352,,4.3,,,,,,,,,,,,,,
C,75X723,,7.0,,,,,,,,,,,,,,
C,79K657,,9.4,,,,,,,,,,,,,,
,84K355,3.61,,,,,,,,,,,,,,,
A,84K355,2.96,14.2,,,,,,,,,,,,,,
,84K356,3.12,,,,,,,,,,,,,,,
C,84K356,51.13,10.0,,,,,,,,,,,,,,
,84K357,2.96,,,,,,,,,,,,,,,
C,84K357,2.84,9.3,,,,,,,,,,,,,,
C,84K358,53.06,15.0,,,,,,,,,,,,,,
,84K359,2.91,,,,,,,,,,,,,,,
Other,84K359,53.91,4.5,,,,,,,,,,,,,,
C,84K362,38.92,11.8,,,,,,,,,,,,,,
Other,84K473,2.61,9.2,,,,,,,,,,,,,,
C,84K508,2.88,7.4,,,,,,,,,,,,,,
,84K513,,,,,,,,,,,,,,,,
B,84K517,48.0,11.9,,,,,,,,,,,,,,
Other,84K536,28.16,10.8,,,,,,,,,,,,,,
B,84K538,50.22,11.4,,,,,,,,,,,,,,
C,84K593,47.15,11.8,,,,,,,,,,,,,,
A,84K608,3.08,13.4,,,,,,,,,,,,,,
A,84K648,3.02,15.0,,,,,,,,,,,,,,
B,84K652,53.2,12.4,,,,,,,,,,,,,,
,84K693,2.65,,,,,,,,,,,,,,,
,84K694,2.65,,,,,,,,,,,,,,,
Other,84K701,50.37,9.1,,,,,,,,,,,,,,
B,84K702,50.3,9.3,,,,,,,,,,,,,,
C,84K703,50.71,7.3,,,,,,,,,,,,,,
B,84K704,50.43,10.8,,,,,,,,,,,,,,
,84K707,3.13,,,,,,,,,,,,,,,
,84K710,2.75,,,,,,,,,,,,,,,
,84K726,3.07,,,,,,,,,,,,,,,
,84K730,2.5,,,,,,,,,,,,,,,
A,84K731,57.34,9.3,,,,,,,,,,,,,,
,84K740,52.14,,,,,,,,,,,,,,,
,84K744,2.77,,,,,,,,,,,,,,,
,84M279,1.24,,,,,,,,,,,,,,,
C,84M279,1.55,8.6,,,,,,,,,,,,,,
,84M284,2.75,,,,,,,,,,,,,,,
B,84M284,54.6,8.8,,,,,,,,,,,,,,
B,84M320,49.52,9.3,,,,,,,,,,,,,,
Other,84M329,55.19,7.2,,,,,,,,,,,,,,
C,84M330,40.28,10.2,,,,,,,,,,,,,,
,84M335,3.5,,,,,,,,,,,,,,,
A,84M335,3.13,15.0,,,,,,,,,,,,,,
,84M336,3.57,,,,,,,,,,,,,,,
A,84M336,2.73,14.2,,,,,,,,,,,,,,
C,84M341,52.81,10.7,,,,,,,,,,,,,,
,84M350,3.05,,,,,,,,,,,,,,,
A,84M350,2.71,14.3,,,,,,,,,,,,,,
A,84M351,52.09,12.3,,,,,,,,,,,,,,
A,84M353,2.53,12.1,,,,,,,,,,,,,,
C,84M353,2.8,9.7,,,,,,,,,,,,,,
C,84M355,46.27,0.0,,,,,,,,,,,,,,
B,84M388,2.55,8.3,,,,,,,,,,,,,,
,84M430,2.86,,,,,,,,,,,,,,,
C,84M702,54.23,2.7,,,,,,,,,,,,,,
C,84M704,44.0,10.1,,,,,,,,,,,,,,
C,84M705,53.47,8.2,,,,,,,,,,,,,,
A,84M707,1.88,8.7,,,,,,,,,,,,,,
C,84M708,55.49,6.4,,,,,,,,,,,,,,
,84M709,3.19,,,,,,,,,,,,,,,
B,84M709,3.01,12.8,,,,,,,,,,,,,,
,84M726,3.06,,,,,,,,,,,,,,,
B,84M726,2.75,7.2,,,,,,,,,,,,,,
Other,84M861,50.45,7.6,,,,,,,,,,,,,,
C,84Q170,48.79,8.6,,,,,,,,,,,,,,
C,84Q704,46.47,3.8,,,,,,,,,,,,,,
B,84Q705,2.87,11.6,,,,,,,,,,,,,,
B,84Q705,31.82,9.7,,,,,,,,,,,,,,
C,84Q706,29.65,10.2,,,,,,,,,,,,,,
,84R067,2.36,,,,,,,,,,,,,,,
B,84X165,55.22,10.1,,,,,,,,,,,,,,
B,84X185,55.63,9.7,,,,,,,,,,,,,,
A,84X255,46.43,14.8,,,,,,,,,,,,,,
A,84X309,54.36,9.5,,,,,,,,,,,,,,
,84X345,2.9,,,,,,,,,,,,,,,
C,84X345,58.84,12.9,,,,,,,,,,,,,,
Other,84X346,53.09,8.3,,,,,,,,,,,,,,
C,84X347,2.67,10.8,,,,,,,,,,,,,,
C,84X378,47.57,10.9,,,,,,,,,,,,,,
,84X393,2.7,,,,,,,,,,,,,,,
,84X395,2.54,,,,,,,,,,,,,,,
C,84X407,57.08,9.0,,,,,,,,,,,,,,
B,84X419,60.61,10.8,,,,,,,,,,,,,,
A,84X422,54.87,8.9,,,,,,,,,,,,,,
,84X488,2.78,,,,,,,,,,,,,,,
C,84X703,2.92,11.6,,,,,,,,,,,,,,
C,84X703,3.0,10.4,,,,,,,,,,,,,,
,84X704,3.23,,,,,,,,,,,,,,,
A,84X704,52.92,13.2,,,,,,,,,,,,,,
B,84X705,59.65,11.9,,,,,,,,,,,,,,
C,84X706,46.54,7.0,,,,,,,,,,,,,,
B,84X717,52.22,11.2,,,,,,,,,,,,,,
C,84X718,49.34,9.5,,,,,,,,,,,,,,
B,84X730,56.67,7.3,,,,,,,,,,,,,,
