Hospitalizations - Total,Cases - Total,Deaths - Total,Date,average_temperature,humidity_level,public_health_measures_index,vaccination_rate,population_density,healthcare_capacity,air_quality_index,average_age_of_cases,comorbidity_prevalence,economic_activity_index
58.0,788,12,01/20/2021,,,,,,,,,,
32.0,369,2,08/04/2020,25.0,70.0,,,4600.0,,50.0,,,
7.0,178,0,05/08/2023,22.0,65.0,,75.0,4600.0,,45.0,,,
10.0,96,1,05/19/2023,18.0,65.0,,75.0,11883.0,,45.0,,,
178.0,990,40,04/20/2020,10.0,60.0,75.0,,4600.0,,45.0,,,
26.0,365,1,10/13/2022,15.0,,,,,,,,,
12.0,120,1,04/21/2023,12.0,60.0,,75.0,4600.0,,45.0,,,
24.0,92,1,01/14/2024,,,,,,,,,,
40.0,527,0,07/17/2022,,,,,,,,,,
48.0,736,12,01/22/2021,,,,,,,,,,
18.0,213,9,02/20/2021,32.0,,,,,,,,,
60.0,883,5,10/24/2020,50.0,70.0,,,11883.0,,45.0,,,
15.0,186,5,02/25/2022,,,,,,,,,,
109.0,968,49,05/15/2020,15.0,70.0,,,11883.0,,45.0,,,
50.0,458,20,05/29/2020,18.3,70.0,,,11883.0,,45.0,,,
17.0,151,0,02/19/2024,,,,,11883.0,,,,,
44.0,356,4,12/18/2022,,,,,,,,,,
34.0,518,2,07/24/2022,77.0,70.0,,68.5,11883.0,,45.0,,,
22.0,327,5,03/08/2021,5.0,70.0,,10.0,11883.0,,45.0,,,
22.0,357,6,02/26/2021,,,,,,,,,,
43.0,492,3,01/11/2023,,,,,11883.0,,,,,
6.0,51,1,05/29/2023,18.3,65.0,,75.2,11883.0,,42.0,,,
29.0,263,13,02/06/2021,,,,,,,,,,
24.0,382,2,08/27/2020,25.0,70.0,,,4600.0,,45.0,,,
40.0,731,3,03/29/2021,8.0,65.0,,15.0,11883.0,,45.0,,,
22.0,266,13,07/01/2020,75.0,70.0,3.0,,11883.0,,50.0,,,
16.0,178,0,03/17/2022,10.0,70.0,,70.0,4600.0,,45.0,,,
34.0,419,12,01/30/2021,0.0,,,,11883.0,,,,,
14.0,59,1,06/06/2023,22.0,65.0,,75.0,4600.0,,45.0,,,
154.0,570,32,04/10/2020,15.0,70.0,,,11883.0,,45.0,,,
16.0,100,7,06/02/2021,22.0,65.0,,,,,45.0,,,
54.0,745,0,12/07/2022,,,,,,,,,,
33.0,286,5,05/18/2021,18.0,65.0,,40.0,11883.0,,45.0,,,
38.0,1211,0,06/02/2022,22.0,65.0,,70.0,11883.0,,45.0,,,
30.0,403,1,10/19/2022,12.0,70.0,,70.0,11883.0,,50.0,,,
8.0,32,0,03/13/2020,6.1,71.0,5.0,,11883.0,,42.0,,,
17.0,149,4,02/28/2021,1.7,70.0,,,11900.0,,40.0,,,
17.0,339,3,07/30/2020,75.0,70.0,,,11883.0,,50.0,,,
30.0,442,5,10/10/2020,60.0,70.0,,,11883.0,,50.0,,,
81.0,1384,25,12/16/2020,30.0,75.0,,,11883.0,,45.0,,,
128.0,283,20,03/29/2020,8.0,65.0,7.0,,11883.0,,45.0,,,
32.0,410,4,03/27/2021,48.0,60.0,,15.0,11900.0,,45.0,,,
39.0,425,14,01/30/2022,28.0,75.0,,70.0,11883.0,,45.0,,,
22.0,324,3,07/14/2020,25.0,70.0,,,11883.0,,50.0,,,
30.0,547,2,08/26/2022,75.0,70.0,,70.0,11883.0,,50.0,,,
42.0,753,3,12/08/2022,1.7,75.0,,70.5,11883.0,,45.0,,,
11.0,217,0,07/21/2021,75.0,70.0,,60.5,,,45.0,,,
7.0,143,0,05/01/2023,15.0,60.0,,75.0,4600.0,,45.0,,,
112.0,2927,18,11/12/2020,8.0,70.0,,,11883.0,,45.0,,,
30.0,181,3,01/14/2023,,,,,,,,,,
25.0,451,1,07/31/2022,75.0,70.0,,70.0,11883.0,,50.0,,,
11.0,85,1,08/13/2023,75.0,70.0,,70.0,11883.0,,50.0,,,
21.0,406,5,09/24/2020,18.3,70.0,,,11883.0,,45.0,,,
19.0,264,2,03/23/2023,10.0,65.0,,75.0,11883.0,,45.0,,,
29.0,538,5,09/01/2021,23.0,70.0,,60.0,11883.0,,45.0,,,
17.0,406,2,09/26/2022,18.0,70.0,,70.0,4600.0,,50.0,,,
37.0,219,15,06/19/2020,75.0,70.0,,,11883.0,,45.0,,,
26.0,413,3,09/29/2021,18.0,70.0,,65.0,11883.0,,45.0,,,
49.0,1165,3,10/19/2020,12.0,70.0,,,11883.0,,45.0,,,
18.0,196,3,11/07/2023,,,,,11883.0,,,,,
30.0,856,2,06/23/2022,75.0,65.0,,70.5,11883.0,,45.0,,,
5.0,28,5,06/13/2021,23.0,65.0,,50.0,11883.0,,42.0,,,
16.0,177,3,08/08/2020,27.0,70.0,,,4600.0,,45.0,,,
33.0,388,3,08/26/2020,25.0,70.0,,,11883.0,,45.0,,,
8.0,120,0,07/17/2021,26.0,70.0,,60.0,11883.0,,45.0,,,
15.0,173,0,08/15/2023,75.0,70.0,,70.0,11883.0,,50.0,,,
6.0,58,0,08/05/2023,75.0,70.0,,70.0,11883.0,,50.0,,,
27.0,367,2,09/27/2022,17.0,70.0,,70.0,4600.0,,50.0,,,
139.0,1173,39,05/01/2020,15.0,60.0,,,4600.0,,45.0,,,
49.0,947,6,04/05/2021,10.0,60.0,,25.0,11883.0,,45.0,,,
29.0,337,4,07/13/2020,25.0,70.0,,,11883.0,,50.0,,,
24.0,381,1,10/04/2022,15.0,70.0,,65.0,11883.0,,50.0,,,
21.0,395,2,09/04/2020,22.0,70.0,,,4600.0,,45.0,,,
44.0,658,7,09/08/2021,23.0,70.0,,60.0,,,50.0,,,
90.0,1381,17,01/07/2021,,,,,,,,,,
42.0,605,6,08/25/2021,25.0,70.0,,60.0,,,45.0,,,
11.0,136,0,09/12/2020,19.0,70.0,,,11883.0,,45.0,,,
63.0,1307,4,10/22/2020,12.0,75.0,,,4600.0,,45.0,,,
26.0,264,3,06/30/2020,25.0,70.0,,,4600.0,,50.0,,,
8.0,599,0,04/06/2022,10.0,65.0,,70.0,4600.0,,40.0,,,
71.0,655,8,04/21/2021,10.0,60.0,,30.0,11883.0,,45.0,,,
28.0,374,3,11/21/2021,4.0,75.0,,70.0,11883.0,,45.0,,,
139.0,3352,14,11/10/2020,10.0,75.0,,,11883.0,,45.0,,,
19.0,430,3,09/14/2020,21.0,70.0,,,11883.0,,50.0,,,
110.0,2637,6,11/05/2020,10.0,75.0,,,11883.0,,45.0,,,
26.0,228,3,09/25/2021,20.0,70.0,,65.0,11883.0,,45.0,,,
64.0,548,6,05/03/2021,12.0,65.0,,30.0,11883.0,,45.0,,,
22.0,222,8,02/13/2021,28.0,70.0,,5.2,11883.0,,35.0,,,
55.0,1089,12,01/12/2021,2.0,75.0,,0.0,4600.0,,40.0,,,
20.0,162,1,11/01/2023,,,,,,,,,,
15.0,530,0,04/30/2022,12.8,65.0,,75.3,11883.0,,42.0,,,
5.0,36,1,06/16/2021,22.0,65.0,,50.0,4600.0,,45.0,,,
37.0,423,2,01/30/2023,,,,,,,,,,
6.0,51,0,04/01/2024,,,,,,,,,,
33.0,387,0,10/12/2022,15.0,70.0,,75.0,11883.0,,50.0,,,
5.0,18,1,07/04/2021,75.0,65.0,,50.0,11883.0,,40.0,,,
155.0,404,8,03/27/2020,45.0,60.0,8.0,,11883.0,,50.0,,,
19.0,313,2,10/07/2022,15.0,70.0,,75.0,11883.0,,45.0,,,
45.0,529,1,09/02/2022,,,,,,,,,,
13.0,204,1,08/22/2023,75.0,70.0,,75.0,11900.0,,50.0,,,
18.0,242,0,11/14/2023,8.0,75.0,,70.0,11883.0,,50.0,,,
101.0,289,3,03/23/2020,5.0,60.0,7.0,,4600.0,,45.0,,,
67.0,872,10,12/11/2021,2.0,75.0,,70.0,11883.0,,45.0,,,
18.0,370,2,10/29/2021,12.0,75.0,,65.0,4600.0,,45.0,,,
10.0,335,0,03/14/2023,4.0,70.0,,75.0,11883.0,,45.0,,,
28.0,207,0,12/03/2023,5.0,70.0,,75.0,4600.0,,50.0,,,
19.0,407,3,01/24/2023,,,,,,,,,,
61.0,1016,4,10/23/2020,12.0,75.0,,,4600.0,,45.0,,,
50.0,939,0,06/21/2022,75.0,65.0,,70.0,11883.0,,50.0,,,
29.0,583,0,11/07/2022,10.0,75.0,,70.0,11883.0,,45.0,,,
48.0,385,13,02/08/2021,,,,,11883.0,,,,,
27.0,485,1,02/15/2023,2.0,70.0,,70.0,4600.0,,40.0,,,
10.0,81,4,03/06/2022,5.0,70.0,,70.0,11883.0,,45.0,,,
27.0,364,1,10/05/2022,15.0,70.0,,70.0,11883.0,,50.0,,,
6.0,59,0,07/12/2023,75.0,70.0,,68.0,11883.0,,45.0,,,
18.0,393,0,02/14/2023,2.0,75.0,,70.0,11883.0,,45.0,,,
7.0,106,1,02/26/2022,,,,,,,,,,
17.0,173,0,05/11/2023,15.0,70.0,,70.0,4600.0,,50.0,,,
65.0,860,6,04/08/2021,15.0,60.0,,30.0,11883.0,,45.0,,,
18.0,168,2,02/04/2023,,,,,,,,,,
40.0,349,0,11/26/2022,5.0,75.0,,70.0,11883.0,,50.0,,,
48.0,525,0,01/03/2023,,,,,,,,,,
27.0,213,1,09/05/2022,75.0,70.0,,70.0,11900.0,,50.0,,,
148.0,774,43,04/17/2020,10.0,60.0,,,11883.0,,45.0,,,
160.0,534,39,04/18/2020,10.0,60.0,7.0,,4600.0,,50.0,,,
14.0,182,3,10/08/2022,15.0,70.0,,68.0,4600.0,,45.0,,,
14.0,39,2,06/11/2021,10.0,,,,4600.0,,,,,
39.0,608,9,02/01/2021,,,,,,,,,,
125.0,877,45,05/13/2020,15.0,65.0,,,11883.0,,45.0,,,
51.0,899,3,07/08/2022,25.0,70.0,,70.0,4600.0,,50.0,,,
32.0,389,1,10/18/2022,12.0,70.0,,70.0,11883.0,,50.0,,,
49.0,762,2,08/22/2022,75.0,70.0,,70.0,11883.0,,50.0,,,
23.0,115,0,09/17/2023,21.0,70.0,,75.0,11883.0,,50.0,,,
12.0,148,0,04/05/2023,,,,,,,,,,
132.0,968,44,05/06/2020,15.0,70.0,,,4600.0,,45.0,,,
31.0,218,9,06/22/2020,75.0,65.0,,,11883.0,,45.0,,,
116.0,2070,30,12/03/2020,5.0,75.0,7.0,,11883.0,,45.0,,,
30.0,395,5,02/28/2023,34.0,,,,11883.0,,,,,
68.0,858,4,04/06/2021,10.0,65.0,,20.0,,,45.0,,,
12.0,162,2,03/03/2022,3.3,75.0,,68.5,4600.0,,42.0,,,
37.0,194,0,12/10/2023,,,,,11883.0,,,,,
33.0,412,8,02/09/2021,,,,,,,,,,
16.0,170,0,10/16/2023,,,,,,,,,,
131.0,778,45,05/14/2020,15.0,60.0,,,11883.0,,45.0,,,
19.0,133,0,09/04/2023,25.0,70.0,,70.0,4600.0,,50.0,,,
27.0,1470,1,05/12/2022,12.0,70.0,,75.0,4600.0,,45.0,,,
4.0,87,0,04/22/2023,12.0,60.0,,75.0,4600.0,,45.0,,,
31.0,289,1,07/21/2020,24.0,70.0,,,4600.0,,50.0,,,
14.0,145,1,05/09/2023,18.0,65.0,,75.0,4600.0,,45.0,,,
7.0,46,0,06/12/2023,21.0,70.0,,75.0,11883.0,,45.0,,,
22.0,176,0,01/28/2023,0.0,,,,,,,,,
14.0,176,1,10/25/2023,12.0,70.0,,75.0,11883.0,,45.0,,,
137.0,3227,14,11/09/2020,18.0,70.0,,,4600.0,,50.0,,,
25.0,341,4,07/07/2020,25.0,70.0,,,4600.0,,50.0,,,
51.0,508,1,12/28/2022,0.0,,,,11883.0,,,,,
128.0,2187,36,12/01/2020,3.0,75.0,,,11883.0,,45.0,,,
2.0,39,0,07/08/2023,25.0,70.0,,75.0,4600.0,,50.0,,,
35.0,185,2,03/19/2020,8.0,,7.0,,11883.0,,,,,
48.0,221,4,03/21/2021,8.0,65.0,,15.0,11883.0,,45.0,,,
33.0,575,2,07/09/2022,75.0,70.0,,68.5,,,45.0,,,
47.0,717,4,03/31/2021,10.0,,,20.0,11883.0,,,,,
28.0,423,0,02/23/2023,,,,,,,,,,
3.0,36,0,06/03/2023,22.0,65.0,,70.0,4600.0,,45.0,,,
5.0,59,1,04/23/2023,10.0,60.0,,75.0,4600.0,,50.0,,,
13.0,397,0,04/08/2022,15.0,70.0,,70.0,4600.0,,45.0,,,
27.0,204,2,10/01/2022,15.0,70.0,,65.0,11883.0,,45.0,,,
147.0,1053,45,04/22/2020,10.5,60.0,7.0,,11883.0,,45.0,,,
13.0,130,5,06/27/2020,75.0,65.0,,,11883.0,,45.0,,,
28.0,192,2,12/09/2023,22.0,70.0,,75.0,4600.0,,50.0,,,
13.0,132,1,10/30/2023,,,,,11883.0,,,,,
32.0,171,6,05/26/2021,18.3,70.0,,41.5,11883.0,,45.0,,,
40.0,285,0,11/27/2022,5.0,75.0,,70.0,11883.0,,45.0,,,
34.0,506,4,08/09/2021,75.0,70.0,,60.0,11883.0,,45.0,,,
25.0,128,3,05/25/2021,17.8,65.0,,45.3,11883.0,,42.0,,,
18.0,120,3,08/16/2020,24.0,70.0,,,4600.0,,45.0,,,
36.0,423,3,03/18/2021,8.3,65.0,,15.2,11883.0,,42.0,,,
12.0,143,0,10/17/2023,15.0,70.0,,75.0,4600.0,,50.0,,,
37.0,577,12,02/07/2022,,,,,4600.0,,,,,
28.0,438,1,01/20/2023,,,,,,,,,,
2.0,3,0,03/06/2020,4.0,70.0,7.0,,4600.0,,50.0,,,
29.0,592,2,11/10/2021,10.0,75.0,,65.0,11883.0,,45.0,,,
32.0,682,6,03/24/2021,10.0,,,,11883.0,,,,,
51.0,1171,2,11/30/2021,4.0,75.0,,70.0,11883.0,,50.0,,,
12.0,148,2,09/22/2023,21.0,70.0,,75.0,4600.0,,50.0,,,
22.0,386,4,08/11/2020,10.0,75.0,,,11883.0,,45.0,,,
7.0,204,4,10/24/2021,12.0,70.0,,66.0,11883.0,,42.0,,,
36.0,337,4,02/24/2021,,,,,,,,,,
28.0,1343,2,05/18/2022,18.0,65.0,,70.0,11883.0,,45.0,,,
32.0,496,3,08/04/2021,25.0,70.0,,60.0,11883.0,,45.0,,,
13.0,145,0,10/11/2023,15.0,70.0,,,4600.0,,50.0,,,
43.0,278,7,05/19/2021,18.0,65.0,,40.0,11883.0,,45.0,,,
6.0,133,1,10/04/2023,18.0,70.0,,75.0,4600.0,,50.0,,,
61.0,1285,10,12/08/2021,3.0,75.0,,70.0,11883.0,,45.0,,,
14.0,132,4,07/18/2020,28.0,70.0,,,11883.0,,45.0,,,
17.0,211,0,09/11/2022,22.0,70.0,,75.0,4600.0,,50.0,,,
21.0,194,1,09/18/2022,22.0,70.0,,70.5,11883.0,,45.0,,,
4.0,53,0,07/17/2023,75.0,70.0,,70.5,11900.0,,50.0,,,
14.0,152,1,04/28/2023,12.0,65.0,,75.0,11883.0,,45.0,,,
3.0,44,1,07/23/2023,76.0,70.0,,68.5,11883.0,,45.0,,,
48.0,619,21,12/24/2020,,,,,,,,,,
17.0,72,1,09/07/2020,22.0,70.0,,,11883.0,,45.0,,,
34.0,363,3,10/25/2021,12.0,70.0,,65.0,11883.0,,45.0,,,
25.0,381,6,09/29/2020,18.3,70.0,,,11883.0,,45.0,,,
21.0,95,3,08/02/2020,75.0,70.0,,,11883.0,,45.0,,,
39.0,1038,3,07/25/2022,78.0,65.0,,70.0,11883.0,,45.0,,,
40.0,142,0,12/25/2023,,,,,,,,,,
3.0,3,0,03/07/2020,5.0,70.0,,,11883.0,,45.0,,,
34.0,617,6,11/12/2021,7.0,75.0,,67.5,11883.0,,45.0,,,
11.0,84,1,09/30/2023,18.0,70.0,,75.0,4600.0,,45.0,,,
30.0,300,4,10/11/2020,15.0,70.0,,,11883.0,,50.0,,,
37.0,823,1,07/22/2022,77.0,70.0,,70.0,11883.0,,50.0,,,
7.0,92,1,03/01/2024,,,,,,,,,,
9.0,96,1,07/28/2023,75.0,70.0,,70.0,11883.0,,50.0,,,
80.0,1338,17,12/22/2020,1.1,75.0,,,11883.0,,45.0,,,
68.0,168,2,03/22/2020,4.0,70.0,5.0,,4600.0,,45.0,,,
47.0,531,7,04/29/2021,15.0,60.0,,30.5,11883.0,,45.0,,,
48.0,363,1,01/02/2024,,,,,,,,,,
22.0,291,6,03/05/2021,5.0,70.0,,,11883.0,,45.0,,,
8.0,60,1,06/22/2023,75.0,70.0,,70.0,11883.0,,50.0,,,
55.0,237,21,05/30/2020,68.0,70.0,,,11883.0,,50.0,,,
73.0,1208,6,12/06/2021,4.0,75.0,,70.0,11883.0,,50.0,,,
8.0,42,0,03/17/2024,,,,,,,,,,
47.0,372,1,08/21/2021,25.0,70.0,,60.0,11883.0,,45.0,,,
7.0,139,2,07/14/2021,25.0,70.0,,60.0,,,50.0,,,
29.0,282,5,07/06/2020,27.0,70.0,,,11883.0,,45.0,,,
46.0,644,2,08/11/2022,75.0,70.0,,,11883.0,,45.0,,,
13.0,198,0,02/28/2022,,,,,,,,,,
118.0,350,2,03/24/2020,5.0,60.0,7.0,,4600.0,,50.0,,,
9.0,31,0,03/14/2020,45.0,70.0,,,11883.0,,50.0,,,
5.0,243,1,03/24/2022,10.0,60.0,,70.0,11883.0,,45.0,,,
16.0,257,2,03/13/2021,5.0,70.0,,10.0,4600.0,,45.0,,,
30.0,227,3,10/03/2020,15.0,70.0,,,11883.0,,45.0,,,
13.0,208,1,09/13/2023,22.0,70.0,,68.5,4600.0,,50.0,,,
9.0,103,0,07/12/2021,75.0,65.0,,,,,45.0,,,
20.0,468,0,02/01/2023,,,,,,,,,,
7.0,133,0,07/15/2021,27.8,70.0,,55.2,11883.0,,45.0,,,
8.0,150,2,03/18/2022,10.0,65.0,,70.0,11883.0,,42.0,,,
33.0,220,0,01/11/2024,,,,,,,,,,
23.0,328,9,02/11/2022,10.0,70.0,,70.0,11883.0,,45.0,,,
115.0,638,38,04/25/2020,12.0,65.0,,,11883.0,,45.0,,,
41.0,566,5,03/23/2021,10.0,65.0,,15.0,11883.0,,45.0,,,
43.0,592,3,08/26/2021,25.0,70.0,,60.0,,,45.0,,,
25.0,329,1,03/20/2023,5.0,60.0,,75.0,11883.0,,45.0,,,
27.0,488,10,02/09/2022,,,,,,,,,,
50.0,346,7,05/17/2021,15.0,70.0,,40.0,4600.0,,45.0,,,
30.0,546,5,08/19/2021,25.0,70.0,,60.0,11883.0,,50.0,,,
42.0,811,1,08/04/2022,75.0,65.0,,70.0,11883.0,,50.0,,,
72.0,579,4,04/22/2021,10.0,,,,,,,,,
19.0,322,2,10/19/2021,15.0,70.0,,65.0,11883.0,,45.0,,,
3.0,36,0,07/01/2023,75.0,65.0,,70.0,,,50.0,,,
26.0,324,3,07/17/2020,25.0,70.0,,,11883.0,,45.0,,,
32.0,321,6,09/11/2021,22.0,70.0,,65.0,11883.0,,45.0,,,
51.0,677,4,04/13/2021,10.0,60.0,,30.0,,,45.0,,,
117.0,2326,17,11/18/2020,8.3,75.0,,,11883.0,,45.0,,,
46.0,612,4,12/27/2022,,,,,,,,,,
23.0,353,6,09/24/2021,18.0,70.0,,60.0,11883.0,,50.0,,,
9.0,203,0,05/02/2023,12.0,65.0,,75.0,4600.0,,45.0,,,
26.0,245,9,06/24/2020,25.0,70.0,,,4600.0,,50.0,,,
34.0,154,9,05/16/2021,15.0,70.0,,40.0,4600.0,,45.0,,,
18.0,165,0,10/19/2023,,,,,,,,,,
24.0,138,0,03/05/2023,40.0,70.0,,75.0,11883.0,,45.0,,,
25.0,241,1,11/06/2022,8.0,75.0,,70.0,4600.0,,45.0,,,
49.0,230,14,05/02/2021,12.0,65.0,,30.0,11883.0,,45.0,,,
22.0,292,2,03/03/2023,3.0,70.0,,70.0,11883.0,,45.0,,,
18.0,236,0,03/22/2023,45.0,60.0,,75.0,11883.0,,42.0,,,
59.0,656,6,04/16/2021,10.0,60.0,,30.0,4600.0,,50.0,,,
30.0,450,1,08/13/2022,75.0,70.0,,70.0,11883.0,,50.0,,,
31.0,357,13,02/12/2021,,,,,,,,,,
55.0,668,6,11/24/2021,4.4,75.0,,65.3,11883.0,,42.0,,,
20.0,305,4,02/17/2022,,,,,,,,,,
28.0,536,0,05/29/2022,70.0,60.0,,67.5,11883.0,,45.0,,,
62.0,1454,13,01/06/2021,1.1,80.0,,,11883.0,,35.0,,,
27.0,290,1,01/16/2023,,,,,,,,,,
63.0,1058,8,12/02/2021,3.0,75.0,,,4600.0,,40.0,,,
44.0,517,13,11/26/2021,4.0,70.0,,65.0,11883.0,,45.0,,,
27.0,369,2,09/21/2022,20.0,70.0,,70.0,4600.0,,50.0,,,
27.0,227,6,02/12/2022,32.0,,,,,,,,,
23.0,428,3,10/04/2021,18.0,70.0,,65.0,11883.0,,45.0,,,
42.0,273,15,06/08/2020,25.0,70.0,,,4600.0,,50.0,,,
25.0,495,1,11/04/2021,9.0,75.0,,65.0,11883.0,,42.0,,,
30.0,238,0,01/08/2023,,,,,4600.0,,,,,
18.0,180,4,03/14/2021,40.0,,,,,,,,,
44.0,592,16,01/29/2021,30.0,70.0,,5.0,11883.0,,45.0,,,
23.0,239,1,10/31/2021,12.0,75.0,,60.0,11883.0,,45.0,,,
23.0,120,18,06/13/2020,22.0,70.0,,,11883.0,,45.0,,,
30.0,569,9,02/08/2022,,,,,,,,,,
39.0,162,1,03/18/2020,5.0,,8.0,,11883.0,,,,,
50.0,763,1,12/05/2022,2.0,75.0,,70.0,11883.0,,45.0,,,
26.0,850,3,10/14/2020,15.0,70.0,,,11883.0,,50.0,,,
100.0,520,53,05/09/2020,20.0,70.0,,,11883.0,,50.0,,,
83.0,2053,35,12/08/2020,2.8,75.0,,,11883.0,,45.0,,,
10.0,133,0,08/10/2023,,,,,,,,,,
133.0,2011,32,01/17/2022,,,,,11883.0,,,,,
17.0,110,0,09/10/2023,,,,,,,,,,
8.0,42,0,06/23/2023,,,,,,,,,,
19.0,186,1,04/06/2023,10.5,65.0,,75.3,11883.0,,42.0,,,
25.0,203,0,01/21/2023,,,,,,,,,,
5.0,38,0,06/10/2023,,,,,,,,,,
33.0,364,4,07/22/2020,25.0,70.0,,,11883.0,,50.0,,,
168.0,1157,35,04/27/2020,12.0,65.0,7.0,,4600.0,,45.0,,,
26.0,288,8,03/04/2021,8.0,,,,,,,,,
25.0,1269,1,05/02/2022,12.0,65.0,,70.0,11883.0,,45.0,,,
5.0,173,1,03/27/2022,45.0,65.0,,70.0,11883.0,,40.0,,,
34.0,343,5,09/04/2021,22.0,70.0,,60.0,11883.0,,45.0,,,
17.0,203,1,07/19/2021,75.0,70.0,,60.5,11883.0,,45.0,,,
38.0,171,17,01/31/2021,30.0,70.0,,5.0,11883.0,,45.0,,,
37.0,147,3,01/01/2023,2.0,75.0,,75.0,11883.0,,50.0,,,
29.0,268,5,07/31/2021,25.0,70.0,,60.0,11883.0,,45.0,,,
20.0,190,5,09/25/2022,18.0,70.0,,70.0,4600.0,,50.0,,,
13.0,224,1,07/22/2021,24.0,70.0,,55.0,,,45.0,,,
38.0,683,1,11/19/2021,5.0,75.0,,70.0,11883.0,,50.0,,,
116.0,2167,17,11/19/2020,8.3,75.0,,,11883.0,,42.0,,,
78.0,955,19,12/26/2020,32.0,75.0,,,11883.0,,40.0,,,
128.0,2489,9,11/11/2020,45.0,70.0,,,11883.0,,50.0,,,
52.0,275,11,04/25/2021,12.0,65.0,,30.0,,,45.0,,,
32.0,468,2,01/17/2023,,,,,,,,,,
7.0,21,0,03/12/2020,5.0,,,,11883.0,,,,,
8.0,117,0,10/05/2023,15.0,70.0,,75.0,11883.0,,50.0,,,
19.0,265,0,02/03/2023,,,,,,,,,,
39.0,531,4,08/10/2021,18.0,70.0,,65.0,11883.0,,50.0,,,
32.0,318,8,02/19/2021,28.0,,,,,,,,,
30.0,442,2,10/03/2022,15.0,70.0,,70.0,4600.0,,50.0,,,
160.0,464,24,04/03/2020,8.0,65.0,,,11883.0,,45.0,,,
3.0,0,0,03/03/2020,4.0,70.0,7.0,,4600.0,,50.0,,,
20.0,365,0,02/10/2023,15.0,70.0,,75.0,4600.0,,50.0,,,
102.0,514,28,05/16/2020,15.0,70.0,,,11883.0,,45.0,,,
25.0,341,3,09/03/2020,22.0,70.0,,,4600.0,,45.0,,,
32.0,350,3,12/14/2023,,,,,,,,,,
36.0,580,11,02/04/2022,,,,,,,,,,
16.0,95,7,06/03/2021,,,,,,,,,,
43.0,375,1,12/04/2022,2.0,75.0,,70.0,11883.0,,45.0,,,
104.0,1400,16,11/14/2020,45.0,70.0,,,11883.0,,50.0,,,
12.0,95,0,10/14/2023,15.0,70.0,,75.0,11883.0,,50.0,,,
32.0,221,0,11/09/2023,,,,,,,,,,
22.0,485,5,08/19/2020,24.0,70.0,,,11883.0,,45.0,,,
44.0,642,0,08/12/2022,25.0,70.0,,75.0,11883.0,,45.0,,,
33.0,284,7,08/22/2021,25.0,70.0,,60.0,4600.0,,45.0,,,
140.0,939,49,05/07/2020,16.0,70.0,,,4600.0,,50.0,,,
24.0,200,0,09/18/2023,22.0,70.0,,75.0,11883.0,,45.0,,,
91.0,2173,12,12/13/2021,1.1,75.0,,70.5,11883.0,,45.0,,,
30.0,319,15,06/04/2020,15.0,60.0,,,4600.0,,45.0,,,
29.0,430,0,09/20/2022,22.0,70.0,,70.5,11883.0,,45.0,,,
14.0,211,0,08/21/2023,75.0,70.0,,70.0,11883.0,,50.0,,,
66.0,659,20,01/03/2021,2.0,75.0,,,11883.0,,45.0,,,
24.0,406,7,09/22/2021,21.0,65.0,,65.0,11883.0,,45.0,,,
97.0,326,41,05/17/2020,15.0,70.0,,,11883.0,,45.0,,,
194.0,556,25,04/07/2020,12.0,,,,4600.0,,,,,
19.0,451,0,02/08/2023,,,,,,,,,,
19.0,329,2,09/10/2020,18.0,70.0,,,4600.0,,45.0,,,
23.0,307,1,03/16/2023,5.0,70.0,,75.0,11883.0,,45.0,,,
152.0,694,32,04/13/2020,8.3,65.0,7.0,,11883.0,,45.0,,,
30.0,547,1,03/22/2021,8.3,65.0,,15.2,,,42.0,,,
61.0,493,3,11/28/2021,4.0,75.0,,67.0,11883.0,,45.0,,,
6.0,43,0,06/08/2023,,,,,,,,,,
10.0,35,2,06/18/2021,25.0,70.0,,50.0,,,50.0,,,
12.0,163,2,03/08/2022,,,,,,,,,,
46.0,911,1,08/08/2022,25.0,70.0,,70.0,4600.0,,50.0,,,
26.0,489,3,08/17/2020,25.0,70.0,,,11883.0,,50.0,,,
33.0,487,6,09/20/2021,21.0,70.0,,65.0,11883.0,,45.0,,,
26.0,279,4,09/06/2021,22.0,70.0,,65.0,11883.0,,45.0,,,
98.0,306,38,05/10/2020,15.0,70.0,,,4600.0,,50.0,,,
2.0,60,0,06/20/2023,22.0,65.0,,70.0,11900.0,,45.0,,,
128.0,434,51,04/26/2020,12.0,60.0,,,11883.0,,45.0,,,
29.0,219,13,06/26/2020,75.0,70.0,7.0,,11883.0,,45.0,,,
25.0,256,6,07/02/2020,25.0,70.0,,,4600.0,,50.0,,,
11.0,200,0,04/25/2023,10.5,65.0,,75.3,11883.0,,42.0,,,
129.0,1017,38,05/11/2020,48.0,,,,11883.0,,,,,
43.0,691,2,08/17/2022,75.0,70.0,,,11883.0,,50.0,,,
171.0,873,36,04/21/2020,8.0,60.0,7.0,,4600.0,,50.0,,,
19.0,168,4,02/13/2022,28.0,,,,11883.0,,,,,
66.0,715,14,01/18/2021,,,,,11883.0,,,,,
127.0,2374,19,11/23/2020,5.0,75.0,,,11883.0,,45.0,,,
19.0,352,1,03/08/2023,,,,,,,,,,
6.0,56,0,06/02/2023,22.0,65.0,,75.0,4600.0,,45.0,,,
7.0,85,0,05/31/2023,18.3,65.0,,75.2,11883.0,,42.0,,,
151.0,574,25,04/09/2020,12.0,65.0,,,4600.0,,45.0,,,
160.0,489,16,03/31/2020,45.0,60.0,,,11883.0,,50.0,,,
123.0,940,46,05/12/2020,8.0,70.0,,,11883.0,,45.0,,,
16.0,188,2,08/23/2023,25.0,70.0,,70.0,4600.0,,50.0,,,
10.0,108,1,05/17/2023,18.0,65.0,,75.0,11883.0,,45.0,,,
27.0,318,2,08/07/2021,25.0,70.0,,60.0,4600.0,,50.0,,,
10.0,187,3,07/20/2021,26.7,70.0,,60.5,4600.0,,45.0,,,
38.0,540,3,08/27/2021,75.0,70.0,,60.0,11883.0,,45.0,,,
59.0,1215,6,12/01/2021,3.0,75.0,,0.65,11883.0,,50.0,,,
7.0,67,4,03/25/2024,,,,,,,,,,
36.0,475,6,09/27/2021,18.0,70.0,,65.0,11883.0,,45.0,,,
4.0,11,0,03/10/2020,15.0,70.0,,,4600.0,,50.0,,,
25.0,391,6,09/23/2020,20.0,70.0,,,11883.0,,45.0,,,
35.0,626,3,08/13/2021,25.0,70.0,,60.0,,,50.0,,,
9.0,155,1,07/16/2021,25.0,70.0,,60.0,11883.0,,45.0,,,
53.0,685,0,11/30/2022,5.0,75.0,,75.0,11883.0,,40.0,,,
12.0,163,2,03/10/2022,15.0,70.0,,70.0,4600.0,,50.0,,,
7.0,319,1,04/10/2022,15.0,70.0,,70.0,4600.0,,50.0,,,
63.0,826,13,12/12/2021,1.7,75.0,,70.5,11883.0,,42.0,,,
46.0,469,9,04/03/2021,10.0,60.0,,20.0,4600.0,,45.0,,,
16.0,166,0,10/09/2022,15.0,70.0,,70.0,4600.0,,50.0,,,
22.0,139,4,05/28/2021,65.0,70.0,,50.0,11883.0,,42.0,,,
26.0,204,4,10/03/2021,18.0,70.0,,65.0,11883.0,,42.0,,,
19.0,356,4,09/18/2020,18.3,70.0,,,11883.0,,45.0,,,
7.0,69,2,07/11/2021,10.0,75.0,,60.0,,,50.0,,,
13.0,118,2,03/04/2022,45.0,60.0,,75.0,11900.0,,40.0,,,
28.0,348,3,07/28/2021,25.0,70.0,,60.0,,,50.0,,,
22.0,160,1,01/29/2023,28.0,75.0,,75.3,11883.0,,40.0,,,
17.0,108,6,09/20/2020,18.0,75.0,,,11883.0,,45.0,,,
30.0,479,2,08/05/2021,25.0,70.0,,60.0,,,50.0,,,
26.0,468,0,02/22/2023,,,,,,,,,,
96.0,2807,14,12/14/2021,1.7,75.0,,72.5,11883.0,,42.0,,,
15.0,530,0,04/12/2022,10.0,65.0,,70.0,11883.0,,45.0,,,
29.0,259,2,03/24/2023,45.0,60.0,,75.0,11883.0,,40.0,,,
10.0,93,1,03/05/2022,5.0,70.0,,65.0,11883.0,,45.0,,,
31.0,110,20,06/07/2020,75.0,65.0,,,,,50.0,,,
23.0,89,7,05/29/2021,18.5,65.0,,45.2,11883.0,,42.0,,,
27.0,277,6,03/20/2021,45.0,60.0,,15.0,11883.0,,42.0,,,
73.0,733,6,11/01/2020,8.0,75.0,,,11883.0,,45.0,,,
13.0,159,0,04/19/2023,10.0,,,,4600.0,,,,,
38.0,571,3,09/08/2022,75.0,70.0,,70.5,11900.0,,45.0,,,
14.0,221,0,08/30/2023,75.0,70.0,,70.0,11883.0,,45.0,,,
24.0,417,2,08/07/2020,27.0,70.0,,,11883.0,,45.0,,,
18.0,240,10,02/21/2022,,,,,,,,,,
23.0,422,3,08/20/2020,25.0,70.0,,,11883.0,,45.0,,,
29.0,592,2,08/12/2021,25.0,70.0,,60.0,,,50.0,,,
26.0,309,4,09/18/2021,22.0,70.0,,60.0,11883.0,,45.0,,,
26.0,160,0,02/25/2023,34.0,70.0,,75.0,11883.0,,45.0,,,
2.0,45,0,06/28/2023,75.0,60.0,,70.0,11883.0,,45.0,,,
4.0,186,6,03/01/2022,2.8,75.0,,70.5,11883.0,,45.0,,,
4.0,35,3,06/25/2021,25.0,70.0,,50.0,11883.0,,45.0,,,
47.0,338,16,01/24/2021,30.0,70.0,,,11883.0,,45.0,,,
7.0,111,0,08/03/2023,75.0,65.0,,75.3,11883.0,,45.0,,,
6.0,47,0,06/23/2021,25.0,70.0,,50.0,11883.0,,50.0,,,
35.0,941,2,07/14/2022,77.0,65.0,,70.0,,,50.0,,,
25.0,391,0,09/17/2020,20.0,70.0,,,11883.0,,50.0,,,
65.0,856,11,01/25/2021,,,,,,,,,,
53.0,582,17,01/29/2022,,,,,,,,,,
18.0,398,0,04/24/2022,10.0,60.0,,75.0,11883.0,,45.0,,,
22.0,358,4,02/15/2022,,,,,,,,,,
25.0,158,9,02/21/2021,32.0,70.0,,5.2,11883.0,,45.0,,,
28.0,240,0,11/12/2022,5.0,75.0,,70.0,11883.0,,45.0,,,
9.0,57,2,05/14/2023,18.0,65.0,,75.0,11883.0,,45.0,,,
93.0,771,29,05/20/2020,15.0,60.0,,,11883.0,,45.0,,,
166.0,666,33,04/14/2020,10.0,60.0,8.0,,11883.0,,45.0,,,
28.0,428,3,08/03/2020,25.0,70.0,,,11883.0,,45.0,,,
140.0,397,33,04/11/2020,10.0,75.0,,,11883.0,,45.0,,,
10.0,106,0,08/12/2023,75.0,70.0,,70.0,11883.0,,45.0,,,
22.0,429,2,02/02/2023,,,,,,,,,,
2.0,80,0,07/19/2023,75.0,70.0,,70.0,11883.0,,45.0,,,
3.0,5,0,03/09/2020,,,,,,,,,,
29.0,386,7,11/13/2021,5.0,75.0,,67.0,11883.0,,45.0,,,
70.0,521,22,05/28/2020,18.0,70.0,,,4600.0,,45.0,,,
8.0,37,0,05/21/2023,18.0,65.0,,75.0,11883.0,,45.0,,,
84.0,1203,13,12/05/2020,4.0,75.0,,,11883.0,,35.0,,,
21.0,369,1,09/08/2020,23.0,70.0,,,11883.0,,45.0,,,
27.0,478,2,02/27/2023,3.0,70.0,,75.0,11883.0,,45.0,,,
38.0,514,4,09/09/2021,22.0,70.0,,65.0,,,45.0,,,
8.0,87,0,07/27/2023,78.0,70.0,,,11883.0,,50.0,,,
37.0,437,0,11/18/2022,35.0,70.0,,70.0,11883.0,,50.0,,,
24.0,614,2,10/24/2022,12.0,70.0,,70.0,4600.0,,50.0,,,
28.0,388,0,01/26/2023,,,,,,,,,,
24.0,308,1,03/28/2023,45.0,60.0,,75.0,11883.0,,40.0,,,
48.0,247,25,06/02/2020,22.0,65.0,,,,,50.0,,,
49.0,569,1,11/01/2022,10.0,,,70.0,11883.0,,,,,
65.0,1114,21,01/02/2021,,,,,,,,,,
30.0,514,1,06/25/2022,75.0,65.0,,70.0,,,50.0,,,
47.0,743,2,08/16/2022,75.0,70.0,,70.0,11883.0,,50.0,,,
37.0,962,1,08/02/2022,25.0,70.0,,70.0,11883.0,,50.0,,,
15.0,97,4,07/12/2020,28.0,70.0,,,11883.0,,45.0,,,
24.0,233,4,08/29/2020,23.3,70.0,,,11883.0,,42.0,,,
13.0,771,1,04/18/2022,8.3,65.0,,70.5,11883.0,,42.0,,,
14.0,90,0,04/02/2023,10.0,65.0,,75.0,4600.0,,45.0,,,
25.0,232,0,10/22/2022,55.0,70.0,,75.0,11883.0,,45.0,,,
44.0,819,3,12/19/2022,,,,,,,,,,
23.0,337,5,10/21/2021,15.0,70.0,,65.0,11883.0,,45.0,,,
25.0,353,1,10/18/2021,15.0,70.0,,65.0,11883.0,,45.0,,,
40.0,851,3,06/20/2022,75.0,65.0,,70.0,11883.0,,45.0,,,
24.0,336,5,03/03/2021,3.3,70.0,,10.5,11883.0,,42.0,,,
69.0,1083,19,01/19/2021,,,,,,,,,,
33.0,488,0,11/22/2022,40.0,75.0,,70.0,11883.0,,50.0,,,
31.0,374,5,10/06/2021,18.0,70.0,,65.0,11883.0,,45.0,,,
25.0,411,1,08/18/2020,24.0,70.0,,,11900.0,,45.0,,,
27.0,505,3,09/14/2022,22.0,70.0,,70.0,4600.0,,50.0,,,
18.0,215,3,08/01/2021,25.0,70.0,,60.0,,,45.0,,,
5.0,54,1,07/03/2023,25.0,70.0,,75.0,11883.0,,45.0,,,
60.0,1444,24,12/30/2020,0.5,75.0,,,11883.0,,40.0,,,
28.0,92,12,06/14/2020,72.0,65.0,,,11883.0,,45.0,,,
20.0,349,4,08/06/2020,26.7,70.0,,,4600.0,,45.0,,,
91.0,328,30,05/23/2020,18.0,65.0,,,11883.0,,45.0,,,
3.0,53,0,06/29/2023,75.0,60.0,,70.0,11883.0,,50.0,,,
68.0,581,30,12/20/2020,1.1,75.0,,,11883.0,,45.0,,,
4.0,27,0,07/04/2023,75.0,60.0,,70.0,11883.0,,45.0,,,
19.0,96,0,04/15/2023,12.0,60.0,,75.0,4600.0,,45.0,,,
104.0,2323,15,11/02/2020,10.0,75.0,,,4600.0,,45.0,,,
17.0,39,2,06/10/2021,18.0,70.0,,65.0,11883.0,,45.0,,,
65.0,614,26,05/27/2020,18.3,65.0,7.0,,11883.0,,45.0,,,
47.0,389,2,01/02/2023,,,,,,,,,,
17.0,323,1,07/29/2021,25.0,70.0,,60.0,11883.0,,45.0,,,
19.0,1088,0,05/05/2022,15.0,60.0,,70.0,4600.0,,45.0,,,
19.0,1294,1,05/03/2022,12.0,65.0,,70.0,11883.0,,45.0,,,
21.0,247,0,09/17/2022,22.0,70.0,,68.5,11883.0,,45.0,,,
2.0,0,0,03/01/2020,2.8,75.0,,,11883.0,,45.0,,,
10.0,170,3,03/09/2022,,,,,,,,,,
25.0,339,0,09/23/2022,,,,,,,,,,
51.0,620,3,12/02/2022,,,,,,,,,,
15.0,197,0,07/24/2021,,,,,,,,,,
79.0,853,24,12/19/2020,,,,,,,,,,
22.0,387,0,03/07/2023,,,,,,,,,,
44.0,852,3,07/15/2022,,,,,,,,,,
112.0,943,33,05/18/2020,,,,,,,,,,
28.0,417,5,01/12/2023,,,,,,,,,,
45.0,943,18,01/31/2022,,,,,,,,,,
8.0,122,0,05/16/2023,,,,,,,,,,
29.0,229,0,03/31/2023,,,,,,,,,,
32.0,622,5,07/23/2022,,,,,,,,,,
29.0,413,2,08/31/2020,,,,,,,,,,
25.0,311,0,03/09/2023,,,,,,,,,,
16.0,121,1,02/11/2024,,,,,,,,,,
63.0,666,27,01/23/2022,,,,,,,,,,
52.0,155,0,03/20/2020,,,,,,,,,,
77.0,749,23,05/26/2020,,,,,,,,,,
16.0,176,0,10/16/2022,,,,,,,,,,
29.0,354,1,03/11/2021,,,,,,,,,,
4.0,52,3,06/15/2021,,,,,,,,,,
7.0,3,0,03/08/2020,,,,,,,,,,
30.0,547,2,06/18/2022,,,,,,,,,,
9.0,240,1,03/25/2022,,,,,,,,,,
24.0,209,1,09/14/2023,,,,,,,,,,
199.0,4455,11,12/26/2021,,,,,,,,,,
25.0,184,1,02/07/2024,,,,,,,,,,
98.0,780,15,11/22/2020,,,,,,,,,,
82.0,1871,4,10/30/2020,,,,,,,,,,
34.0,464,1,01/18/2023,,,,,,,,,,
5.0,48,0,06/19/2023,,,,,,,,,,
36.0,254,23,06/09/2020,,,,,,,,,,
87.0,1887,4,10/29/2020,,,,,,,,,,
35.0,386,0,08/27/2022,,,,,,,,,,
82.0,1066,10,10/31/2020,,,,,,,,,,
30.0,329,7,03/02/2021,,,,,,,,,,
43.0,506,1,11/21/2022,,,,,,,,,,
13.0,96,0,03/05/2024,,,,,,,,,,
167.0,1466,36,04/23/2020,,,,,,,,,,
22.0,474,3,08/02/2021,,,,,,,,,,
3.0,27,0,06/18/2023,,,,,,,,,,
19.0,173,0,09/27/2023,,,,,,,,,,
7.0,58,2,07/05/2021,,,,,,,,,,
23.0,143,9,02/14/2021,,,,,,,,,,
36.0,388,2,08/14/2022,,,,,,,,,,
12.0,166,3,03/07/2022,,,,,,,,,,
38.0,558,3,08/17/2021,,,,,,,,,,
104.0,2065,35,12/07/2020,,,,,,,,,,
10.0,94,0,03/13/2024,,,,,,,,,,
40.0,121,22,05/31/2020,,,,,,,,,,
1.0,0,0,03/02/2020,,,,,,,,,,
20.0,190,0,03/04/2023,,,,,,,,,,
18.0,405,3,09/02/2020,,,,,,,,,,
26.0,412,4,08/25/2020,,,,,,,,,,
15.0,644,0,04/13/2022,,,,,,,,,,
17.0,116,0,09/23/2023,,,,,,,,,,
110.0,1757,28,12/09/2020,,,,,,,,,,
121.0,1923,17,11/24/2020,,,,,,,,,,
27.0,589,2,06/05/2022,,,,,,,,,,
32.0,564,3,08/20/2021,,,,,,,,,,
9.0,75,2,03/03/2024,,,,,,,,,,
30.0,327,2,12/23/2022,,,,,,,,,,
36.0,466,0,10/26/2022,,,,,,,,,,
13.0,199,1,08/31/2023,,,,,,,,,,
30.0,438,3,03/02/2023,,,,,,,,,,
35.0,692,5,11/15/2021,,,,,,,,,,
50.0,674,2,08/23/2022,,,,,,,,,,
29.0,635,1,05/21/2022,,,,,,,,,,
13.0,535,0,05/01/2022,,,,,,,,,,
21.0,258,7,02/15/2021,,,,,,,,,,
50.0,1002,4,07/19/2022,,,,,,,,,,
38.0,551,0,11/10/2022,,,,,,,,,,
39.0,504,1,11/15/2022,,,,,,,,,,
12.0,146,1,02/26/2024,,,,,,,,,,
20.0,757,2,04/29/2022,,,,,,,,,,
90.0,1223,21,12/23/2020,,,,,,,,,,
43.0,974,0,07/13/2022,,,,,,,,,,
17.0,191,2,08/22/2020,,,,,,,,,,
17.0,887,1,04/19/2022,,,,,,,,,,
20.0,681,0,04/21/2022,,,,,,,,,,
1.0,56,0,07/13/2023,,,,,,,,,,
87.0,1355,16,01/11/2021,,,,,,,,,,
61.0,331,1,12/10/2022,,,,,,,,,,
17.0,99,2,02/04/2024,,,,,,,,,,
55.0,399,9,05/06/2021,,,,,,,,,,
14.0,87,1,10/15/2023,,,,,,,,,,
26.0,383,4,08/28/2020,,,,,,,,,,
81.0,1507,20,01/24/2022,,,,,,,,,,
15.0,216,0,04/04/2023,,,,,,,,,,
114.0,3649,9,12/17/2021,,,,,,,,,,
45.0,437,2,11/25/2022,,,,,,,,,,
3.0,56,1,07/14/2023,,,,,,,,,,
35.0,361,1,10/14/2021,,,,,,,,,,
155.0,3073,21,01/14/2022,,,,,,,,,,
19.0,302,1,07/27/2021,,,,,,,,,,
37.0,526,19,02/03/2022,,,,,,,,,,
5.0,352,0,03/28/2022,,,,,,,,,,
14.0,349,9,03/12/2021,,,,,,,,,,
104.0,1856,32,12/04/2020,,,,,,,,,,
43.0,525,10,10/25/2020,,,,,,,,,,
98.0,921,43,05/08/2020,,,,,,,,,,
121.0,2789,10,11/06/2020,,,,,,,,,,
13.0,531,1,04/05/2022,,,,,,,,,,
13.0,176,0,09/08/2023,,,,,,,,,,
28.0,970,0,06/22/2022,,,,,,,,,,
43.0,1649,1,05/31/2022,,,,,,,,,,
29.0,184,14,06/18/2020,,,,,,,,,,
29.0,408,0,02/24/2023,,,,,,,,,,
108.0,1833,18,11/25/2020,,,,,,,,,,
33.0,192,3,12/31/2023,,,,,,,,,,
32.0,844,1,08/29/2022,,,,,,,,,,
129.0,248,4,03/28/2020,,,,,,,,,,
22.0,153,1,01/15/2024,,,,,,,,,,
19.0,362,1,07/27/2020,,,,,,,,,,
25.0,415,4,10/02/2020,,,,,,,,,,
26.0,347,3,08/14/2020,,,,,,,,,,
48.0,577,3,09/07/2021,,,,,,,,,,
36.0,777,0,08/30/2022,,,,,,,,,,
12.0,143,0,08/18/2023,,,,,,,,,,
63.0,438,6,04/17/2021,,,,,,,,,,
42.0,271,8,05/08/2021,,,,,,,,,,
28.0,258,3,11/05/2022,,,,,,,,,,
34.0,982,1,06/09/2022,,,,,,,,,,
11.0,139,0,09/02/2023,,,,,,,,,,
113.0,1703,19,12/10/2020,,,,,,,,,,
13.0,442,1,08/03/2021,,,,,,,,,,
17.0,256,0,03/30/2023,,,,,,,,,,
28.0,201,10,06/11/2020,,,,,,,,,,
23.0,237,4,10/02/2021,,,,,,,,,,
47.0,647,6,02/02/2021,,,,,,,,,,
58.0,864,5,04/12/2021,,,,,,,,,,
44.0,529,7,08/31/2021,,,,,,,,,,
21.0,239,4,10/09/2021,,,,,,,,,,
11.0,226,0,08/25/2023,,,,,,,,,,
29.0,179,1,01/22/2023,,,,,,,,,,
29.0,232,12,06/10/2020,,,,,,,,,,
62.0,495,18,01/10/2021,,,,,,,,,,
33.0,329,1,12/06/2023,,,,,,,,,,
52.0,538,9,02/04/2021,,,,,,,,,,
28.0,376,1,08/10/2020,,,,,,,,,,
6.0,120,2,03/20/2022,,,,,,,,,,
87.0,1736,9,10/28/2020,,,,,,,,,,
54.0,644,2,08/23/2021,,,,,,,,,,
12.0,103,2,07/13/2021,,,,,,,,,,
5.0,35,0,07/15/2023,,,,,,,,,,
7.0,56,0,07/30/2023,,,,,,,,,,
32.0,641,1,09/01/2022,,,,,,,,,,
22.0,129,1,01/01/2024,,,,,,,,,,
15.0,58,7,06/06/2021,,,,,,,,,,
13.0,87,1,03/11/2024,,,,,,,,,,
36.0,467,2,11/17/2022,,,,,,,,,,
29.0,419,2,09/28/2020,,,,,,,,,,
50.0,557,8,04/10/2021,,,,,,,,,,
115.0,1373,17,11/28/2020,,,,,,,,,,
18.0,253,1,04/10/2023,,,,,,,,,,
34.0,379,3,09/25/2020,,,,,,,,,,
59.0,352,4,05/01/2021,,,,,,,,,,
19.0,154,2,07/11/2020,,,,,,,,,,
14.0,73,0,10/08/2023,,,,,,,,,,
7.0,135,1,10/31/2023,,,,,,,,,,
21.0,203,3,09/05/2020,,,,,,,,,,
31.0,331,1,09/03/2022,,,,,,,,,,
46.0,405,6,08/14/2021,,,,,,,,,,
18.0,332,3,07/28/2020,,,,,,,,,,
102.0,265,23,11/26/2020,,,,,,,,,,
28.0,328,2,10/10/2022,,,,,,,,,,
34.0,487,1,07/30/2022,,,,,,,,,,
48.0,1005,2,07/20/2022,,,,,,,,,,
14.0,130,1,04/01/2023,,,,,,,,,,
9.0,107,1,10/22/2023,,,,,,,,,,
22.0,207,2,10/15/2022,,,,,,,,,,
42.0,733,2,11/17/2021,,,,,,,,,,
15.0,100,0,03/04/2024,,,,,,,,,,
34.0,436,3,11/01/2021,,,,,,,,,,
180.0,461,24,04/01/2020,,,,,,,,,,
5.0,27,1,06/20/2021,,,,,,,,,,
5.0,76,0,07/08/2021,,,,,,,,,,
25.0,241,1,11/21/2023,,,,,,,,,,
4.0,27,1,06/24/2023,,,,,,,,,,
10.0,181,0,09/28/2023,,,,,,,,,,
7.0,62,1,06/05/2023,,,,,,,,,,
42.0,333,2,12/05/2023,,,,,,,,,,
5.0,49,0,07/10/2021,,,,,,,,,,
155.0,1091,58,05/05/2020,,,,,,,,,,
91.0,3590,10,12/15/2021,,,,,,,,,,
7.0,82,1,07/09/2021,,,,,,,,,,
28.0,306,4,07/08/2020,,,,,,,,,,
11.0,94,2,03/14/2024,,,,,,,,,,
42.0,275,2,12/08/2023,,,,,,,,,,
142.0,2738,30,01/18/2022,,,,,,,,,,
63.0,233,20,06/01/2020,,,,,,,,,,
16.0,343,3,10/26/2021,,,,,,,,,,
121.0,2389,23,11/30/2020,,,,,,,,,,
31.0,519,8,11/03/2021,,,,,,,,,,
30.0,440,2,03/19/2021,,,,,,,,,,
22.0,141,5,08/01/2020,,,,,,,,,,
13.0,688,0,04/22/2022,,,,,,,,,,
31.0,444,5,02/21/2023,,,,,,,,,,
6.0,78,0,07/21/2023,,,,,,,,,,
41.0,368,2,12/27/2023,,,,,,,,,,
35.0,514,2,10/25/2022,,,,,,,,,,
11.0,93,0,07/24/2023,,,,,,,,,,
6.0,55,0,07/22/2023,,,,,,,,,,
,30,0,07/09/2023,,,,,,,,,,
23.0,400,6,10/28/2021,,,,,,,,,,
77.0,999,20,01/22/2022,,,,,,,,,,
44.0,299,2,01/07/2023,,,,,,,,,,
32.0,613,2,05/28/2022,,,,,,,,,,
20.0,320,4,10/11/2021,,,,,,,,,,
20.0,260,0,03/10/2023,,,,,,,,,,
33.0,452,1,07/03/2022,,,,,,,,,,
3.0,312,1,03/23/2022,,,,,,,,,,
6.0,40,0,07/16/2023,,,,,,,,,,
22.0,385,3,10/27/2021,,,,,,,,,,
22.0,144,1,01/13/2024,,,,,,,,,,
29.0,161,1,02/19/2023,,,,,,,,,,
14.0,549,1,04/15/2022,,,,,,,,,,
20.0,400,5,09/09/2020,,,,,,,,,,
35.0,252,2,12/31/2022,,,,,,,,,,
29.0,365,1,10/21/2022,,,,,,,,,,
27.0,192,1,09/20/2023,,,,,,,,,,
24.0,210,11,06/16/2020,,,,,,,,,,
23.0,389,3,02/09/2023,,,,,,,,,,
10.0,125,0,08/02/2023,,,,,,,,,,
13.0,281,1,04/09/2022,,,,,,,,,,
17.0,146,0,08/09/2023,,,,,,,,,,
27.0,328,2,12/04/2023,,,,,,,,,,
17.0,236,6,02/23/2022,,,,,,,,,,
122.0,833,13,11/15/2020,,,,,,,,,,
40.0,323,3,01/04/2024,,,,,,,,,,
23.0,261,0,09/19/2023,,,,,,,,,,
28.0,480,1,06/19/2022,,,,,,,,,,
6.0,51,0,06/30/2021,,,,,,,,,,
33.0,622,0,05/22/2022,,,,,,,,,,
21.0,376,6,10/12/2021,,,,,,,,,,
17.0,355,2,07/30/2021,,,,,,,,,,
10.0,47,0,05/20/2023,,,,,,,,,,
38.0,812,0,07/29/2022,,,,,,,,,,
3.0,45,0,07/10/2023,,,,,,,,,,
7.0,92,0,07/18/2021,,,,,,,,,,
16.0,123,1,10/13/2023,,,,,,,,,,
20.0,431,2,01/23/2023,,,,,,,,,,
35.0,464,4,02/06/2023,,,,,,,,,,
2.0,48,0,06/14/2023,,,,,,,,,,
40.0,497,6,09/02/2021,,,,,,,,,,
18.0,45,2,05/31/2021,,,,,,,,,,
16.0,104,2,10/06/2023,,,,,,,,,,
8.0,240,0,08/28/2023,,,,,,,,,,
16.0,172,0,09/15/2023,,,,,,,,,,
21.0,195,1,03/17/2023,,,,,,,,,,
79.0,1665,18,12/28/2020,,,,,,,,,,
30.0,383,4,10/01/2021,,,,,,,,,,
20.0,608,1,05/08/2022,,,,,,,,,,
24.0,157,1,03/11/2023,,,,,,,,,,
11.0,167,0,05/04/2023,,,,,,,,,,
31.0,280,1,11/19/2022,,,,,,,,,,
12.0,709,0,04/20/2022,,,,,,,,,,
125.0,2300,32,11/20/2020,,,,,,,,,,
14.0,135,0,04/20/2023,,,,,,,,,,
11.0,93,0,05/18/2023,,,,,,,,,,
7.0,13,0,03/11/2020,,,,,,,,,,
18.0,170,2,09/19/2020,,,,,,,,,,
8.0,64,5,06/09/2021,,,,,,,,,,
142.0,2462,21,11/17/2020,,,,,,,,,,
18.0,129,0,09/09/2023,,,,,,,,,,
17.0,336,10,03/10/2021,,,,,,,,,,
42.0,260,0,12/30/2023,,,,,,,,,,
28.0,462,7,09/30/2021,,,,,,,,,,
41.0,307,5,04/04/2021,,,,,,,,,,
88.0,1348,24,12/17/2020,,,,,,,,,,
2.0,1,0,03/04/2020,,,,,,,,,,
25.0,182,2,02/11/2023,,,,,,,,,,
16.0,381,15,02/14/2022,,,,,,,,,,
39.0,322,0,12/07/2023,,,,,,,,,,
46.0,828,0,12/06/2022,,,,,,,,,,
29.0,1141,0,06/06/2022,,,,,,,,,,
87.0,1878,10,01/04/2021,,,,,,,,,,
33.0,554,4,11/27/2021,,,,,,,,,,
25.0,453,0,02/07/2023,,,,,,,,,,
14.0,204,2,03/29/2023,,,,,,,,,,
158.0,326,22,04/04/2020,,,,,,,,,,
13.0,141,3,07/25/2021,,,,,,,,,,
24.0,554,3,08/24/2020,,,,,,,,,,
28.0,95,6,05/23/2021,,,,,,,,,,
41.0,742,6,11/16/2021,,,,,,,,,,
32.0,244,2,09/19/2021,,,,,,,,,,
21.0,161,1,01/23/2024,,,,,,,,,,
31.0,235,20,06/15/2020,,,,,,,,,,
52.0,774,0,12/21/2022,,,,,,,,,,
107.0,2140,13,11/03/2020,,,,,,,,,,
61.0,647,6,04/26/2021,,,,,,,,,,
19.0,139,2,01/26/2024,,,,,,,,,,
11.0,150,0,10/18/2023,,,,,,,,,,
25.0,346,3,07/24/2020,,,,,,,,,,
10.0,68,0,06/07/2023,,,,,,,,,,
87.0,1603,16,01/05/2021,,,,,,,,,,
23.0,158,1,01/25/2024,,,,,,,,,,
47.0,454,1,12/30/2022,,,,,,,,,,
97.0,888,27,05/19/2020,,,,,,,,,,
40.0,820,2,12/15/2022,,,,,,,,,,
28.0,680,0,06/17/2022,,,,,,,,,,
18.0,117,1,09/16/2023,,,,,,,,,,
122.0,367,5,03/25/2020,,,,,,,,,,
22.0,100,2,07/19/2020,,,,,,,,,,
22.0,100,5,08/30/2020,,,,,,,,,,
69.0,970,22,12/31/2020,,,,,,,,,,
46.0,347,1,10/18/2020,,,,,,,,,,
6.0,63,0,08/06/2023,,,,,,,,,,
7.0,122,0,03/19/2022,,,,,,,,,,
28.0,320,4,09/05/2021,,,,,,,,,,
29.0,876,5,10/13/2020,,,,,,,,,,
18.0,125,0,11/11/2023,,,,,,,,,,
170.0,436,15,04/02/2020,,,,,,,,,,
18.0,205,1,09/12/2023,,,,,,,,,,
31.0,588,1,08/18/2022,,,,,,,,,,
50.0,646,1,12/16/2022,,,,,,,,,,
65.0,1713,21,12/29/2020,,,,,,,,,,
16.0,48,11,06/21/2020,,,,,,,,,,
96.0,2512,8,11/04/2020,,,,,,,,,,
3.0,25,0,07/02/2023,,,,,,,,,,
26.0,490,4,11/02/2021,,,,,,,,,,
79.0,915,21,12/12/2020,,,,,,,,,,
43.0,511,6,09/03/2021,,,,,,,,,,
51.0,1204,18,01/08/2021,,,,,,,,,,
14.0,69,0,03/02/2024,,,,,,,,,,
22.0,96,1,03/17/2020,,,,,,,,,,
91.0,724,36,05/22/2020,,,,,,,,,,
23.0,425,6,02/10/2022,,,,,,,,,,
13.0,125,2,03/11/2022,,,,,,,,,,
166.0,719,49,05/02/2020,,,,,,,,,,
28.0,161,1,11/24/2022,,,,,,,,,,
23.0,548,1,10/07/2020,,,,,,,,,,
30.0,245,6,05/21/2021,,,,,,,,,,
63.0,624,15,01/16/2021,,,,,,,,,,
23.0,247,1,11/22/2023,,,,,,,,,,
58.0,1180,6,10/21/2020,,,,,,,,,,
15.0,192,0,05/10/2023,,,,,,,,,,
34.0,592,1,06/04/2022,,,,,,,,,,
17.0,330,3,09/01/2020,,,,,,,,,,
18.0,315,4,11/06/2021,,,,,,,,,,
31.0,1337,0,05/25/2022,,,,,,,,,,
35.0,276,0,12/16/2023,,,,,,,,,,
36.0,395,0,10/11/2022,,,,,,,,,,
30.0,220,2,03/06/2021,,,,,,,,,,
49.0,971,2,07/26/2022,,,,,,,,,,
29.0,188,3,11/13/2022,,,,,,,,,,
24.0,390,4,08/13/2020,,,,,,,,,,
118.0,2691,19,11/13/2020,,,,,,,,,,
24.0,386,1,05/30/2022,,,,,,,,,,
27.0,421,1,01/19/2023,,,,,,,,,,
26.0,351,1,12/11/2023,,,,,,,,,,
40.0,792,1,09/06/2022,,,,,,,,,,
90.0,612,24,12/27/2020,,,,,,,,,,
31.0,257,0,11/15/2023,,,,,,,,,,
32.0,419,1,03/06/2023,,,,,,,,,,
27.0,227,0,11/08/2023,,,,,,,,,,
173.0,704,36,04/08/2020,,,,,,,,,,
27.0,515,5,09/10/2021,,,,,,,,,,
24.0,394,5,07/20/2020,,,,,,,,,,
14.0,138,2,09/29/2023,,,,,,,,,,
29.0,318,3,07/23/2020,,,,,,,,,,
13.0,84,1,02/25/2024,,,,,,,,,,
32.0,828,0,06/14/2022,,,,,,,,,,
34.0,1097,1,06/03/2022,,,,,,,,,,
3.0,44,1,07/06/2023,,,,,,,,,,
53.0,644,12,01/26/2021,,,,,,,,,,
33.0,468,6,09/21/2021,,,,,,,,,,
37.0,568,3,08/24/2021,,,,,,,,,,
33.0,477,7,09/16/2021,,,,,,,,,,
21.0,122,1,09/03/2023,,,,,,,,,,
107.0,798,34,05/21/2020,,,,,,,,,,
96.0,1264,18,11/21/2020,,,,,,,,,,
16.0,235,4,02/24/2022,,,,,,,,,,
18.0,212,1,09/07/2023,,,,,,,,,,
14.0,165,1,08/17/2023,,,,,,,,,,
30.0,454,1,02/13/2023,,,,,,,,,,
21.0,199,0,11/10/2023,,,,,,,,,,
73.0,266,20,01/01/2021,,,,,,,,,,
37.0,681,4,10/12/2020,,,,,,,,,,
26.0,153,2,01/19/2024,,,,,,,,,,
39.0,445,2,01/04/2023,,,,,,,,,,
11.0,143,2,09/06/2020,,,,,,,,,,
33.0,315,6,02/18/2021,,,,,,,,,,
67.0,609,23,12/13/2020,,,,,,,,,,
36.0,309,9,05/11/2021,,,,,,,,,,
12.0,108,1,09/24/2023,,,,,,,,,,
18.0,162,1,09/21/2023,,,,,,,,,,
116.0,1145,30,01/16/2022,,,,,,,,,,
15.0,131,2,10/27/2023,,,,,,,,,,
4.0,45,0,07/05/2023,,,,,,,,,,
108.0,1670,28,12/11/2020,,,,,,,,,,
16.0,214,0,08/29/2023,,,,,,,,,,
5.0,79,0,05/24/2023,,,,,,,,,,
25.0,364,4,10/01/2020,,,,,,,,,,
32.0,232,4,12/01/2023,,,,,,,,,,
4.0,30,2,06/19/2021,,,,,,,,,,
7.0,356,1,04/16/2022,,,,,,,,,,
106.0,2049,36,12/02/2020,,,,,,,,,,
21.0,127,1,03/19/2023,,,,,,,,,,
10.0,52,0,05/13/2023,,,,,,,,,,
30.0,252,2,09/04/2022,,,,,,,,,,
10.0,97,3,01/20/2024,,,,,,,,,,
43.0,785,13,02/01/2022,,,,,,,,,,
162.0,1074,54,04/24/2020,,,,,,,,,,
42.0,575,1,08/25/2022,,,,,,,,,,
25.0,252,1,11/06/2023,,,,,,,,,,
22.0,332,5,03/09/2021,,,,,,,,,,
127.0,1121,48,05/04/2020,,,,,,,,,,
12.0,84,1,04/16/2023,,,,,,,,,,
6.0,90,1,07/25/2023,,,,,,,,,,
17.0,158,0,02/08/2024,,,,,,,,,,
37.0,130,5,05/22/2021,,,,,,,,,,
21.0,384,4,09/28/2021,,,,,,,,,,
27.0,466,5,08/06/2021,,,,,,,,,,
6.0,197,1,03/26/2022,,,,,,,,,,
42.0,382,0,12/28/2023,,,,,,,,,,
33.0,266,5,09/12/2021,,,,,,,,,,
41.0,422,2,11/11/2022,,,,,,,,,,
24.0,133,0,03/25/2023,,,,,,,,,,
47.0,949,3,08/01/2022,,,,,,,,,,
6.0,45,1,06/27/2023,,,,,,,,,,
17.0,125,0,10/20/2023,,,,,,,,,,
1.0,29,0,06/17/2023,,,,,,,,,,
61.0,125,2,03/21/2020,,,,,,,,,,
19.0,294,1,03/15/2023,,,,,,,,,,
46.0,874,1,07/28/2022,,,,,,,,,,
28.0,543,1,11/14/2022,,,,,,,,,,
32.0,689,2,09/07/2022,,,,,,,,,,
16.0,518,4,09/15/2021,,,,,,,,,,
91.0,898,18,11/29/2020,,,,,,,,,,
28.0,298,2,07/16/2020,,,,,,,,,,
38.0,495,5,09/14/2021,,,,,,,,,,
11.0,50,2,06/28/2021,,,,,,,,,,
136.0,341,33,04/12/2020,,,,,,,,,,
21.0,176,2,10/02/2022,,,,,,,,,,
23.0,392,2,07/31/2020,,,,,,,,,,
90.0,708,28,12/06/2020,,,,,,,,,,
4.0,47,0,06/15/2023,,,,,,,,,,
19.0,198,0,02/18/2023,,,,,,,,,,
33.0,398,1,02/17/2023,,,,,,,,,,
151.0,677,31,04/16/2020,,,,,,,,,,
53.0,659,7,04/19/2021,,,,,,,,,,
3.0,77,1,06/01/2023,,,,,,,,,,
49.0,572,5,04/28/2021,,,,,,,,,,
166.0,1274,40,04/30/2020,,,,,,,,,,
21.0,94,2,01/21/2024,,,,,,,,,,
78.0,252,23,05/25/2020,,,,,,,,,,
129.0,2336,18,01/19/2022,,,,,,,,,,
17.0,115,2,08/09/2020,,,,,,,,,,
40.0,439,5,09/17/2021,,,,,,,,,,
83.0,1627,4,10/27/2020,,,,,,,,,,
156.0,459,35,04/19/2020,,,,,,,,,,
33.0,257,1,07/04/2022,,,,,,,,,,
80.0,1300,19,12/18/2020,,,,,,,,,,
20.0,525,2,06/12/2022,,,,,,,,,,
14.0,74,4,06/08/2021,,,,,,,,,,
31.0,262,0,11/20/2022,,,,,,,,,,
55.0,588,9,01/23/2021,,,,,,,,,,
24.0,420,2,09/21/2020,,,,,,,,,,
26.0,307,2,09/10/2022,,,,,,,,,,
84.0,1613,22,12/15/2020,,,,,,,,,,
10.0,159,1,09/25/2023,,,,,,,,,,
40.0,722,4,11/23/2021,,,,,,,,,,
12.0,87,1,03/12/2023,,,,,,,,,,
35.0,525,0,10/31/2022,,,,,,,,,,
42.0,499,2,11/09/2022,,,,,,,,,,
30.0,422,0,09/16/2022,,,,,,,,,,
10.0,159,0,08/14/2023,,,,,,,,,,
9.0,46,3,06/21/2021,,,,,,,,,,
23.0,1223,1,05/04/2022,,,,,,,,,,
20.0,813,1,04/28/2022,,,,,,,,,,
40.0,306,1,12/22/2023,,,,,,,,,,
11.0,200,10,10/17/2021,,,,,,,,,,
28.0,558,2,10/06/2020,,,,,,,,,,
51.0,904,3,12/20/2022,,,,,,,,,,
30.0,368,5,09/23/2021,,,,,,,,,,
27.0,110,5,06/28/2020,,,,,,,,,,
12.0,518,0,04/04/2022,,,,,,,,,,
30.0,372,1,08/20/2022,,,,,,,,,,
130.0,413,2,03/26/2020,,,,,,,,,,
39.0,787,0,08/05/2022,,,,,,,,,,
21.0,106,2,10/21/2023,,,,,,,,,,
16.0,90,3,07/05/2020,,,,,,,,,,
37.0,345,2,08/28/2022,,,,,,,,,,
10.0,124,4,02/19/2022,,,,,,,,,,
12.0,100,0,10/09/2023,,,,,,,,,,
2.0,48,0,07/11/2023,,,,,,,,,,
31.0,282,0,01/08/2024,,,,,,,,,,
11.0,134,0,08/08/2023,,,,,,,,,,
6.0,400,1,03/30/2022,,,,,,,,,,
29.0,167,1,09/27/2020,,,,,,,,,,
60.0,1053,15,01/14/2021,,,,,,,,,,
28.0,344,6,07/10/2020,,,,,,,,,,
20.0,553,3,10/05/2020,,,,,,,,,,
8.0,269,0,03/22/2022,,,,,,,,,,
25.0,326,2,07/26/2021,,,,,,,,,,
53.0,363,5,04/11/2021,,,,,,,,,,
9.0,67,3,06/14/2021,,,,,,,,,,
7.0,93,7,02/27/2022,,,,,,,,,,
63.0,511,8,12/05/2021,,,,,,,,,,
10.0,45,0,06/24/2021,,,,,,,,,,
33.0,215,2,12/24/2023,,,,,,,,,,
10.0,362,0,03/29/2022,,,,,,,,,,
15.0,205,2,09/24/2022,,,,,,,,,,
151.0,2556,26,11/16/2020,,,,,,,,,,
35.0,289,6,05/14/2021,,,,,,,,,,
1.0,85,1,07/20/2023,,,,,,,,,,
42.0,355,7,03/28/2021,,,,,,,,,,
8.0,68,0,05/07/2023,,,,,,,,,,
25.0,829,0,06/10/2022,,,,,,,,,,
18.0,96,6,07/26/2020,,,,,,,,,,
19.0,430,5,08/21/2020,,,,,,,,,,
19.0,187,0,11/18/2023,,,,,,,,,,
21.0,210,0,04/12/2023,,,,,,,,,,
19.0,397,0,03/01/2023,,,,,,,,,,
94.0,1463,26,12/21/2020,,,,,,,,,,
103.0,1460,21,12/14/2020,,,,,,,,,,
24.0,248,21,06/12/2020,,,,,,,,,,
13.0,127,0,08/27/2023,,,,,,,,,,
113.0,3986,11,12/16/2021,,,,,,,,,,
19.0,169,0,09/01/2023,,,,,,,,,,
35.0,441,2,10/20/2022,,,,,,,,,,
51.0,1196,5,10/20/2020,,,,,,,,,,
36.0,823,1,06/24/2022,,,,,,,,,,
133.0,1255,23,11/27/2020,,,,,,,,,,
29.0,933,3,07/27/2022,,,,,,,,,,
55.0,675,3,04/02/2021,,,,,,,,,,
2.0,45,1,06/13/2023,,,,,,,,,,
7.0,55,0,05/26/2023,,,,,,,,,,
5.0,107,0,07/26/2023,,,,,,,,,,
18.0,281,4,02/18/2022,,,,,,,,,,
49.0,366,11,02/10/2021,,,,,,,,,,
39.0,437,10,02/11/2021,,,,,,,,,,
9.0,509,3,04/07/2022,,,,,,,,,,
148.0,630,31,04/15/2020,,,,,,,,,,
6.0,54,1,07/02/2021,,,,,,,,,,
26.0,587,3,08/16/2021,,,,,,,,,,
31.0,462,1,11/03/2022,,,,,,,,,,
27.0,164,3,01/12/2024,,,,,,,,,,
47.0,772,9,04/14/2021,,,,,,,,,,
29.0,345,5,01/13/2023,,,,,,,,,,
37.0,362,2,08/21/2022,,,,,,,,,,
28.0,1354,3,06/01/2022,,,,,,,,,,
31.0,287,5,08/15/2021,,,,,,,,,,
7.0,55,0,06/16/2023,,,,,,,,,,
43.0,1014,1,07/11/2022,,,,,,,,,,
13.0,234,2,03/16/2022,,,,,,,,,,
11.0,305,0,03/31/2022,,,,,,,,,,
41.0,369,0,12/21/2023,,,,,,,,,,
192.0,3620,30,01/13/2022,,,,,,,,,,
40.0,382,4,11/14/2021,,,,,,,,,,
25.0,130,1,08/23/2020,,,,,,,,,,
20.0,600,2,08/11/2021,,,,,,,,,,
18.0,691,0,05/07/2022,,,,,,,,,,
13.0,256,0,03/15/2022,,,,,,,,,,
25.0,223,1,11/13/2023,,,,,,,,,,
18.0,170,0,01/31/2024,,,,,,,,,,
28.0,334,1,02/20/2023,,,,,,,,,,
37.0,239,1,12/17/2023,,,,,,,,,,
44.0,304,1,01/03/2024,,,,,,,,,,
3.0,43,0,06/30/2023,,,,,,,,,,
56.0,337,2,12/29/2023,,,,,,,,,,
5.0,56,2,06/29/2021,,,,,,,,,,
10.0,82,1,03/13/2022,,,,,,,,,,
20.0,378,4,08/05/2020,,,,,,,,,,
53.0,747,23,01/28/2022,,,,,,,,,,
25.0,133,0,11/23/2023,,,,,,,,,,
19.0,446,3,07/29/2020,,,,,,,,,,
49.0,772,2,12/13/2022,,,,,,,,,,
13.0,169,0,09/11/2023,,,,,,,,,,
38.0,570,0,12/09/2022,,,,,,,,,,
22.0,155,8,07/25/2020,,,,,,,,,,
26.0,612,3,10/08/2020,,,,,,,,,,
14.0,77,1,03/16/2020,,,,,,,,,,
26.0,234,9,06/23/2020,,,,,,,,,,
26.0,343,1,10/28/2022,,,,,,,,,,
12.0,48,0,05/28/2023,,,,,,,,,,
23.0,141,0,11/12/2023,,,,,,,,,,
43.0,120,1,12/25/2022,,,,,,,,,,
38.0,521,1,07/10/2022,,,,,,,,,,
15.0,174,4,03/07/2021,,,,,,,,,,
44.0,547,5,10/17/2020,,,,,,,,,,
13.0,144,0,10/12/2023,,,,,,,,,,
142.0,1614,30,01/15/2022,,,,,,,,,,
19.0,174,1,01/24/2024,,,,,,,,,,
7.0,75,2,07/06/2021,,,,,,,,,,
11.0,107,0,08/01/2023,,,,,,,,,,
10.0,166,0,10/23/2023,,,,,,,,,,
23.0,230,1,10/29/2022,,,,,,,,,,
45.0,411,1,11/08/2022,,,,,,,,,,
7.0,61,0,04/02/2024,,,,,,,,,,
38.0,170,20,06/06/2020,,,,,,,,,,
4.0,20,0,06/26/2021,,,,,,,,,,
31.0,171,1,01/17/2024,,,,,,,,,,
37.0,441,3,08/07/2022,,,,,,,,,,
18.0,342,5,09/11/2020,,,,,,,,,,
3.0,102,0,05/23/2023,,,,,,,,,,
47.0,619,3,12/01/2022,,,,,,,,,,
17.0,883,0,04/27/2022,,,,,,,,,,
45.0,315,8,05/13/2021,,,,,,,,,,
52.0,550,9,04/30/2021,,,,,,,,,,
22.0,201,4,01/30/2024,,,,,,,,,,
14.0,926,0,04/26/2022,,,,,,,,,,
41.0,337,17,06/05/2020,,,,,,,,,,
11.0,154,2,10/26/2023,,,,,,,,,,
14.0,63,5,07/04/2020,,,,,,,,,,
7.0,546,1,04/14/2022,,,,,,,,,,
39.0,600,4,08/19/2022,,,,,,,,,,
27.0,285,1,11/16/2023,,,,,,,,,,
16.0,311,12,02/23/2021,,,,,,,,,,
15.0,543,1,04/11/2022,,,,,,,,,,
47.0,409,10,04/24/2021,,,,,,,,,,
9.0,117,0,08/20/2023,,,,,,,,,,
6.0,48,0,07/03/2021,,,,,,,,,,
10.0,62,6,06/05/2021,,,,,,,,,,
9.0,106,3,11/05/2023,,,,,,,,,,
15.0,268,0,09/06/2023,,,,,,,,,,
13.0,218,1,04/13/2023,,,,,,,,,,
36.0,427,2,09/22/2022,,,,,,,,,,
5.0,32,2,07/01/2021,,,,,,,,,,
37.0,426,1,11/04/2022,,,,,,,,,,
6.0,54,0,07/29/2023,,,,,,,,,,
221.0,4152,20,01/02/2022,,,,,,,,,,
25.0,1100,1,06/07/2022,,,,,,,,,,
113.0,1568,14,11/07/2020,,,,,,,,,,
19.0,121,6,05/27/2021,,,,,,,,,,
29.0,288,8,07/09/2020,,,,,,,,,,
23.0,207,9,09/26/2021,,,,,,,,,,
40.0,242,1,12/24/2022,,,,,,,,,,
54.0,1022,12,01/15/2021,,,,,,,,,,
18.0,166,0,11/02/2023,,,,,,,,,,
27.0,607,2,09/12/2022,,,,,,,,,,
98.0,1598,26,01/21/2022,,,,,,,,,,
20.0,567,1,07/16/2022,,,,,,,,,,
8.0,72,0,07/18/2023,,,,,,,,,,
7.0,113,0,04/08/2023,,,,,,,,,,
32.0,365,4,09/16/2020,,,,,,,,,,
29.0,1356,1,05/23/2022,,,,,,,,,,
20.0,131,0,11/04/2023,,,,,,,,,,
13.0,144,0,08/11/2023,,,,,,,,,,
11.0,159,0,04/27/2023,,,,,,,,,,
3.0,37,0,06/26/2023,,,,,,,,,,
44.0,739,1,06/15/2022,,,,,,,,,,
9.0,53,0,04/03/2024,,,,,,,,,,
17.0,96,0,04/09/2023,,,,,,,,,,
49.0,166,9,05/09/2021,,,,,,,,,,
38.0,887,1,11/28/2022,,,,,,,,,,
26.0,123,3,09/13/2020,,,,,,,,,,
5.0,46,0,05/27/2023,,,,,,,,,,
39.0,1048,2,07/06/2022,,,,,,,,,,
5.0,30,0,06/11/2023,,,,,,,,,,
21.0,221,5,08/15/2020,,,,,,,,,,
36.0,494,0,01/09/2023,,,,,,,,,,
47.0,657,14,01/27/2021,,,,,,,,,,
224.0,4831,36,01/07/2022,,,,,,,,,,
46.0,405,2,12/18/2023,,,,,,,,,,
37.0,600,6,03/26/2021,,,,,,,,,,
22.0,152,5,10/04/2020,,,,,,,,,,
31.0,279,7,06/29/2020,,,,,,,,,,
11.0,322,5,10/20/2021,,,,,,,,,,
28.0,174,5,07/03/2020,,,,,,,,,,
11.0,145,1,02/15/2024,,,,,,,,,,
13.0,106,2,03/26/2023,,,,,,,,,,
19.0,193,0,08/24/2023,,,,,,,,,,
31.0,494,2,09/13/2022,,,,,,,,,,
6.0,74,0,10/28/2023,,,,,,,,,,
158.0,1151,44,04/29/2020,,,,,,,,,,
15.0,125,1,04/07/2023,,,,,,,,,,
45.0,317,2,12/11/2022,,,,,,,,,,
30.0,376,15,02/05/2022,,,,,,,,,,
8.0,162,0,08/16/2023,,,,,,,,,,
27.0,400,0,01/27/2023,,,,,,,,,,
12.0,121,3,02/23/2024,,,,,,,,,,
9.0,132,1,02/02/2024,,,,,,,,,,
20.0,383,3,10/05/2021,,,,,,,,,,
6.0,35,2,06/17/2021,,,,,,,,,,
12.0,183,3,03/14/2022,,,,,,,,,,
46.0,970,0,07/21/2022,,,,,,,,,,
41.0,645,2,08/31/2022,,,,,,,,,,
24.0,360,0,09/29/2022,,,,,,,,,,
28.0,483,9,03/17/2021,,,,,,,,,,
76.0,1539,8,10/26/2020,,,,,,,,,,
38.0,365,11,05/07/2021,,,,,,,,,,
18.0,203,2,10/23/2022,,,,,,,,,,
39.0,420,1,01/06/2023,,,,,,,,,,
28.0,451,3,03/16/2021,,,,,,,,,,
28.0,359,3,08/28/2021,,,,,,,,,,
64.0,638,9,04/15/2021,,,,,,,,,,
37.0,953,3,10/16/2020,,,,,,,,,,
11.0,52,7,05/30/2021,,,,,,,,,,
17.0,192,0,04/18/2023,,,,,,,,,,
18.0,383,4,10/07/2021,,,,,,,,,,
10.0,86,0,10/29/2023,,,,,,,,,,
64.0,1207,15,12/10/2021,,,,,,,,,,
3.0,32,3,06/22/2021,,,,,,,,,,
32.0,368,6,03/15/2021,,,,,,,,,,
26.0,312,2,03/01/2021,,,,,,,,,,
23.0,128,5,06/01/2021,,,,,,,,,,
46.0,607,10,01/28/2021,,,,,,,,,,
17.0,173,0,04/24/2023,,,,,,,,,,
33.0,185,0,12/02/2023,,,,,,,,,,
79.0,611,4,12/04/2021,,,,,,,,,,
5.0,48,0,04/13/2024,,,,,,,,,,
7.0,69,1,03/08/2024,,,,,,,,,,
54.0,816,1,08/09/2022,,,,,,,,,,
38.0,571,7,02/03/2021,,,,,,,,,,
28.0,649,5,11/09/2021,,,,,,,,,,
158.0,439,12,03/30/2020,,,,,,,,,,
25.0,173,6,10/10/2021,,,,,,,,,,
149.0,7509,18,12/22/2021,,,,,,,,,,
16.0,75,6,06/04/2021,,,,,,,,,,
4.0,90,0,05/30/2023,,,,,,,,,,
24.0,469,1,09/09/2022,,,,,,,,,,
109.0,1105,11,11/08/2020,,,,,,,,,,
5.0,53,2,03/09/2024,,,,,,,,,,
18.0,180,0,04/17/2023,,,,,,,,,,
25.0,260,0,03/21/2023,,,,,,,,,,
27.0,542,0,07/02/2022,,,,,,,,,,
19.0,370,0,03/13/2023,,,,,,,,,,
26.0,372,1,01/25/2023,,,,,,,,,,
25.0,732,1,05/14/2022,,,,,,,,,,
92.0,278,27,05/24/2020,,,,,,,,,,
71.0,920,8,12/03/2021,,,,,,,,,,
24.0,268,7,07/15/2020,,,,,,,,,,
252.0,5755,38,01/06/2022,,,,,,,,,,
8.0,55,0,03/26/2024,,,,,,,,,,
13.0,117,0,08/26/2023,,,,,,,,,,
3.0,20,0,06/25/2023,,,,,,,,,,
20.0,40,0,03/15/2020,,,,,,,,,,
10.0,93,1,03/07/2024,,,,,,,,,,
7.0,28,0,03/30/2024,,,,,,,,,,
13.0,81,0,03/12/2024,,,,,,,,,,
32.0,450,3,06/26/2022,,,,,,,,,,
12.0,112,4,02/20/2022,,,,,,,,,,
102.0,2739,8,12/18/2021,,,,,,,,,,
15.0,306,5,10/22/2021,,,,,,,,,,
175.0,2058,24,01/09/2022,,,,,,,,,,
22.0,94,0,02/18/2024,,,,,,,,,,
31.0,175,0,11/26/2023,,,,,,,,,,
38.0,1179,1,05/19/2022,,,,,,,,,,
67.0,160,21,12/25/2020,,,,,,,,,,
46.0,916,1,12/12/2022,,,,,,,,,,
70.0,1299,8,12/09/2021,,,,,,,,,,
24.0,310,8,10/08/2021,,,,,,,,,,
8.0,204,0,04/02/2022,,,,,,,,,,
22.0,462,2,09/30/2020,,,,,,,,,,
6.0,321,0,04/01/2022,,,,,,,,,,
20.0,282,8,02/25/2021,,,,,,,,,,
4.0,93,0,07/31/2023,,,,,,,,,,
18.0,367,3,02/16/2022,,,,,,,,,,
36.0,341,6,05/12/2021,,,,,,,,,,
33.0,213,5,02/16/2021,,,,,,,,,,
17.0,243,3,07/23/2021,,,,,,,,,,
19.0,221,2,10/23/2021,,,,,,,,,,
22.0,249,11,06/25/2020,,,,,,,,,,
5.0,35,0,04/14/2024,,,,,,,,,,
42.0,420,1,12/03/2022,,,,,,,,,,
26.0,555,3,08/18/2021,,,,,,,,,,
28.0,219,21,06/17/2020,,,,,,,,,,
5.0,40,0,04/16/2024,,,,,,,,,,
45.0,819,2,11/29/2022,,,,,,,,,,
13.0,92,0,05/25/2023,,,,,,,,,,
31.0,384,8,02/17/2021,,,,,,,,,,
146.0,292,26,04/05/2020,,,,,,,,,,
18.0,177,7,02/27/2021,,,,,,,,,,
134.0,464,45,05/03/2020,,,,,,,,,,
34.0,907,2,10/15/2020,,,,,,,,,,
28.0,605,5,11/08/2021,,,,,,,,,,
44.0,722,2,04/01/2021,,,,,,,,,,
22.0,202,0,04/03/2023,,,,,,,,,,
31.0,500,3,10/27/2022,,,,,,,,,,
4.0,42,0,04/12/2024,,,,,,,,,,
19.0,276,2,11/20/2023,,,,,,,,,,
20.0,126,0,02/27/2024,,,,,,,,,,
30.0,514,0,11/23/2022,,,,,,,,,,
10.0,153,3,03/02/2022,,,,,,,,,,
43.0,444,2,12/26/2022,,,,,,,,,,
11.0,65,0,03/18/2024,,,,,,,,,,
56.0,781,17,01/09/2021,,,,,,,,,,
8.0,109,2,03/18/2023,,,,,,,,,,
53.0,465,6,05/04/2021,,,,,,,,,,
11.0,63,0,03/27/2024,,,,,,,,,,
32.0,168,1,01/16/2024,,,,,,,,,,
12.0,57,0,03/19/2024,,,,,,,,,,
227.0,10423,15,12/28/2021,,,,,,,,,,
42.0,363,1,11/29/2023,,,,,,,,,,
42.0,736,3,03/30/2021,,,,,,,,,,
72.0,1156,12,12/07/2021,,,,,,,,,,
41.0,745,0,06/16/2022,,,,,,,,,,
61.0,818,10,01/21/2021,,,,,,,,,,
33.0,217,4,05/24/2021,,,,,,,,,,
218.0,4817,31,01/10/2022,,,,,,,,,,
43.0,464,3,11/20/2021,,,,,,,,,,
12.0,54,1,03/22/2024,,,,,,,,,,
76.0,1463,7,11/29/2021,,,,,,,,,,
33.0,275,2,01/10/2024,,,,,,,,,,
28.0,525,4,11/11/2021,,,,,,,,,,
43.0,928,1,08/03/2022,,,,,,,,,,
35.0,373,1,12/19/2023,,,,,,,,,,
174.0,3923,17,12/24/2021,,,,,,,,,,
43.0,781,3,11/22/2021,,,,,,,,,,
26.0,350,3,09/22/2020,,,,,,,,,,
37.0,353,1,11/27/2023,,,,,,,,,,
33.0,325,2,12/12/2023,,,,,,,,,,
41.0,554,7,09/13/2021,,,,,,,,,,
180.0,6919,9,12/21/2021,,,,,,,,,,
53.0,564,5,04/20/2021,,,,,,,,,,
6.0,43,0,03/16/2024,,,,,,,,,,
33.0,1611,0,05/09/2022,,,,,,,,,,
9.0,64,0,03/20/2024,,,,,,,,,,
16.0,70,0,02/24/2024,,,,,,,,,,
12.0,172,0,02/20/2024,,,,,,,,,,
19.0,142,1,10/10/2023,,,,,,,,,,
37.0,734,1,08/15/2022,,,,,,,,,,
22.0,92,0,02/10/2024,,,,,,,,,,
20.0,172,1,01/22/2024,,,,,,,,,,
7.0,69,0,03/15/2024,,,,,,,,,,
9.0,49,0,04/11/2024,,,,,,,,,,
29.0,466,2,10/17/2022,,,,,,,,,,
4.0,86,1,03/12/2022,,,,,,,,,,
4.0,42,0,05/01/2024,,,,,,,,,,
9.0,53,0,04/23/2024,,,,,,,,,,
52.0,435,2,01/05/2023,,,,,,,,,,
44.0,1124,2,07/18/2022,,,,,,,,,,
12.0,108,0,05/05/2023,,,,,,,,,,
11.0,101,1,05/12/2023,,,,,,,,,,
6.0,1,0,03/05/2020,,,,,,,,,,
20.0,125,10,06/20/2020,,,,,,,,,,
248.0,9356,13,12/29/2021,,,,,,,,,,
8.0,50,1,03/29/2024,,,,,,,,,,
10.0,65,0,03/28/2024,,,,,,,,,,
18.0,315,1,10/15/2021,,,,,,,,,,
5.0,160,0,05/03/2023,,,,,,,,,,
9.0,106,0,05/15/2023,,,,,,,,,,
249.0,9477,24,01/03/2022,,,,,,,,,,
21.0,127,1,02/16/2024,,,,,,,,,,
26.0,1053,2,05/27/2022,,,,,,,,,,
20.0,143,1,02/09/2024,,,,,,,,,,
18.0,252,1,04/11/2023,,,,,,,,,,
111.0,1989,38,01/20/2022,,,,,,,,,,
14.0,162,2,09/26/2023,,,,,,,,,,
14.0,113,0,02/28/2024,,,,,,,,,,
22.0,176,0,02/12/2023,,,,,,,,,,
11.0,45,0,04/26/2024,,,,,,,,,,
38.0,332,6,12/13/2023,,,,,,,,,,
56.0,818,0,12/14/2022,,,,,,,,,,
26.0,186,3,11/25/2023,,,,,,,,,,
19.0,173,0,10/24/2023,,,,,,,,,,
24.0,423,0,02/16/2023,,,,,,,,,,
24.0,361,4,10/13/2021,,,,,,,,,,
18.0,164,0,02/05/2023,,,,,,,,,,
29.0,386,8,02/22/2021,,,,,,,,,,
8.0,37,1,03/31/2024,,,,,,,,,,
3.0,22,1,04/20/2024,,,,,,,,,,
25.0,345,3,10/14/2022,,,,,,,,,,
10.0,252,0,04/17/2022,,,,,,,,,,
126.0,5808,13,12/20/2021,,,,,,,,,,
33.0,921,2,06/30/2022,,,,,,,,,,
39.0,922,3,06/27/2022,,,,,,,,,,
17.0,169,1,02/13/2024,,,,,,,,,,
16.0,123,0,02/29/2024,,,,,,,,,,
18.0,198,3,10/30/2022,,,,,,,,,,
233.0,5189,23,12/31/2021,,,,,,,,,,
46.0,506,3,01/10/2023,,,,,,,,,,
19.0,286,0,09/05/2023,,,,,,,,,,
71.0,1355,18,01/25/2022,,,,,,,,,,
9.0,45,1,04/05/2024,,,,,,,,,,
32.0,171,0,11/19/2023,,,,,,,,,,
54.0,564,5,04/27/2021,,,,,,,,,,
20.0,413,2,01/31/2023,,,,,,,,,,
46.0,343,2,11/28/2023,,,,,,,,,,
35.0,1223,1,05/26/2022,,,,,,,,,,
23.0,1063,1,05/06/2022,,,,,,,,,,
36.0,675,3,03/25/2021,,,,,,,,,,
267.0,6818,22,01/05/2022,,,,,,,,,,
21.0,175,2,02/21/2024,,,,,,,,,,
6.0,93,1,03/06/2024,,,,,,,,,,
40.0,212,8,02/07/2021,,,,,,,,,,
32.0,988,0,07/07/2022,,,,,,,,,,
20.0,937,0,04/25/2022,,,,,,,,,,
8.0,64,0,04/04/2024,,,,,,,,,,
303.0,9560,32,01/04/2022,,,,,,,,,,
14.0,102,0,08/07/2023,,,,,,,,,,
5.0,41,0,04/17/2024,,,,,,,,,,
4.0,138,0,05/03/2024,,,,,,,,,,
24.0,205,0,11/17/2023,,,,,,,,,,
34.0,914,0,06/13/2022,,,,,,,,,,
36.0,1375,0,05/17/2022,,,,,,,,,,
25.0,182,2,02/01/2024,,,,,,,,,,
21.0,390,0,09/15/2022,,,,,,,,,,
18.0,142,2,02/22/2024,,,,,,,,,,
7.0,99,0,05/22/2023,,,,,,,,,,
7.0,28,1,03/23/2024,,,,,,,,,,
29.0,274,2,08/08/2021,,,,,,,,,,
23.0,231,0,12/23/2023,,,,,,,,,,
5.0,47,0,04/22/2024,,,,,,,,,,
189.0,3316,29,01/08/2022,,,,,,,,,,
221.0,4428,28,01/11/2022,,,,,,,,,,
3.0,36,1,05/04/2024,,,,,,,,,,
24.0,1655,2,05/11/2022,,,,,,,,,,
21.0,176,2,02/26/2023,,,,,,,,,,
60.0,1226,23,01/26/2022,,,,,,,,,,
26.0,299,1,03/27/2023,,,,,,,,,,
6.0,24,0,04/19/2024,,,,,,,,,,
40.0,384,1,12/17/2022,,,,,,,,,,
38.0,245,2,01/09/2024,,,,,,,,,,
6.0,20,1,04/21/2024,,,,,,,,,,
41.0,706,3,08/24/2022,,,,,,,,,,
4.0,20,0,05/05/2024,,,,,,,,,,
22.0,365,17,02/02/2022,,,,,,,,,,
40.0,1018,0,06/28/2022,,,,,,,,,,
29.0,1465,0,05/16/2022,,,,,,,,,,
10.0,51,0,04/08/2024,,,,,,,,,,
32.0,195,0,11/24/2023,,,,,,,,,,
2.0,25,0,04/07/2024,,,,,,,,,,
33.0,1103,2,05/20/2022,,,,,,,,,,
7.0,65,1,05/06/2023,,,,,,,,,,
9.0,35,0,04/09/2024,,,,,,,,,,
16.0,113,0,01/27/2024,,,,,,,,,,
10.0,38,0,05/02/2024,,,,,,,,,,
1.0,2,0,05/17/2024,,,,,,,,,,
6.0,38,0,05/10/2024,,,,,,,,,,
,17,0,05/16/2024,,,,,,,,,,
23.0,1711,0,05/10/2022,,,,,,,,,,
31.0,203,4,01/06/2024,,,,,,,,,,
20.0,152,1,01/15/2023,,,,,,,,,,
14.0,275,2,03/21/2022,,,,,,,,,,
25.0,197,1,01/18/2024,,,,,,,,,,
8.0,54,1,04/15/2024,,,,,,,,,,
20.0,137,1,04/26/2023,,,,,,,,,,
10.0,52,0,03/10/2024,,,,,,,,,,
3.0,36,0,05/08/2024,,,,,,,,,,
28.0,432,2,08/12/2020,,,,,,,,,,
3.0,29,1,04/27/2024,,,,,,,,,,
37.0,799,1,08/10/2022,,,,,,,,,,
12.0,69,5,10/07/2023,,,,,,,,,,
2.0,74,0,06/21/2023,,,,,,,,,,
811.0,1639,0,,,,,,,,,,,
7.0,50,0,04/10/2024,,,,,,,,,,
50.0,531,7,04/23/2021,,,,,,,,,,
6.0,47,0,05/14/2024,,,,,,,,,,
8.0,43,1,03/24/2024,,,,,,,,,,
10.0,55,0,05/13/2024,,,,,,,,,,
27.0,732,1,07/01/2022,,,,,,,,,,
27.0,530,1,06/11/2022,,,,,,,,,,
10.0,90,2,02/17/2024,,,,,,,,,,
182.0,4041,34,01/12/2022,,,,,,,,,,
244.0,9237,17,12/27/2021,,,,,,,,,,
20.0,96,0,01/28/2024,,,,,,,,,,
2.0,32,0,05/11/2024,,,,,,,,,,
7.0,38,0,04/25/2024,,,,,,,,,,
54.0,316,7,04/18/2021,,,,,,,,,,
25.0,727,1,05/15/2022,,,,,,,,,,
9.0,33,0,04/06/2024,,,,,,,,,,
3.0,53,0,05/06/2024,,,,,,,,,,
1.0,26,0,04/28/2024,,,,,,,,,,
7.0,53,1,05/07/2024,,,,,,,,,,
44.0,371,0,12/26/2023,,,,,,,,,,
5.0,50,0,04/24/2024,,,,,,,,,,
6.0,60,0,04/30/2024,,,,,,,,,,
64.0,1028,16,01/27/2022,,,,,,,,,,
6.0,56,0,04/30/2023,,,,,,,,,,
256.0,8184,15,12/30/2021,,,,,,,,,,
35.0,1264,2,05/13/2022,,,,,,,,,,
19.0,96,1,02/03/2024,,,,,,,,,,
41.0,964,5,07/12/2022,,,,,,,,,,
19.0,305,5,11/07/2021,,,,,,,,,,
19.0,168,0,01/07/2024,,,,,,,,,,
8.0,46,5,06/12/2021,,,,,,,,,,
20.0,197,1,01/29/2024,,,,,,,,,,
25.0,1319,0,05/24/2022,,,,,,,,,,
136.0,7146,18,12/23/2021,,,,,,,,,,
25.0,363,1,12/15/2023,,,,,,,,,,
6.0,39,0,04/18/2024,,,,,,,,,,
3.0,37,1,06/04/2023,,,,,,,,,,
109.0,2584,12,12/19/2021,,,,,,,,,,
57.0,529,4,12/29/2022,,,,,,,,,,
40.0,317,0,01/05/2024,,,,,,,,,,
6.0,79,0,04/29/2023,,,,,,,,,,
41.0,976,0,06/29/2022,,,,,,,,,,
44.0,535,1,08/06/2022,,,,,,,,,,
1.0,33,0,05/09/2024,,,,,,,,,,
19.0,138,0,10/02/2023,,,,,,,,,,
42.0,1117,0,07/05/2022,,,,,,,,,,
11.0,49,0,03/21/2024,,,,,,,,,,
34.0,510,0,11/16/2022,,,,,,,,,,
7.0,409,0,04/23/2022,,,,,,,,,,
4.0,45,0,04/29/2024,,,,,,,,,,
6.0,50,0,05/15/2024,,,,,,,,,,
2.0,32,0,05/12/2024,,,,,,,,,,
20.0,233,4,09/26/2020,,,,,,,,,,
195.0,1872,21,01/01/2022,,,,,,,,,,
14.0,144,1,10/03/2023,,,,,,,,,,
58.0,838,3,04/07/2021,,,,,,,,,,
11.0,108,2,10/01/2023,,,,,,,,,,
22.0,336,0,09/28/2022,,,,,,,,,,
17.0,280,2,10/30/2021,,,,,,,,,,
33.0,523,1,12/22/2022,,,,,,,,,,
175.0,1321,56,04/28/2020,,,,,,,,,,
29.0,668,4,10/09/2020,,,,,,,,,,
8.0,215,1,04/03/2022,,,,,,,,,,
62.0,1109,18,01/13/2021,,,,,,,,,,
1.0,15,1,06/27/2021,,,,,,,,,,
36.0,630,9,11/18/2021,,,,,,,,,,
163.0,1457,19,12/25/2021,,,,,,,,,,
48.0,403,8,02/05/2021,,,,,,,,,,
198.0,583,22,04/06/2020,,,,,,,,,,
4.0,45,0,07/07/2023,,,,,,,,,,
7.0,73,2,07/07/2021,,,,,,,,,,
41.0,596,5,08/30/2021,,,,,,,,,,
10.0,81,0,08/04/2023,,,,,,,,,,
20.0,317,1,09/30/2022,,,,,,,,,,
13.0,162,0,02/14/2024,,,,,,,,,,
31.0,442,0,09/19/2022,,,,,,,,,,
24.0,178,4,10/16/2021,,,,,,,,,,
35.0,419,2,12/20/2023,,,,,,,,,,
30.0,531,0,11/02/2022,,,,,,,,,,
15.0,142,1,08/19/2023,,,,,,,,,,
21.0,352,1,09/15/2020,,,,,,,,,,
20.0,360,0,10/06/2022,,,,,,,,,,
26.0,309,2,08/29/2021,,,,,,,,,,
17.0,166,1,04/14/2023,,,,,,,,,,
2.0,49,0,06/09/2023,,,,,,,,,,
34.0,291,23,02/06/2022,,,,,,,,,,
23.0,288,2,11/30/2023,,,,,,,,,,
50.0,280,21,06/03/2020,,,,,,,,,,
46.0,483,6,05/05/2021,,,,,,,,,,
52.0,392,15,01/17/2021,,,,,,,,,,
15.0,195,1,02/06/2024,,,,,,,,,,
44.0,177,7,05/15/2021,,,,,,,,,,
26.0,280,2,02/22/2022,,,,,,,,,,
27.0,471,3,11/05/2021,,,,,,,,,,
11.0,141,1,11/03/2023,,,,,,,,,,
21.0,187,0,02/05/2024,,,,,,,,,,
16.0,102,9,06/07/2021,,,,,,,,,,
43.0,399,6,05/10/2021,,,,,,,,,,
59.0,769,5,04/09/2021,,,,,,,,,,
28.0,1037,0,06/08/2022,,,,,,,,,,
46.0,188,3,11/25/2021,,,,,,,,,,
41.0,248,4,05/20/2021,,,,,,,,,,
21.0,188,1,02/12/2024,,,,,,,,,,
